ts,device_id,power_kW,predicted_power
2025-01-01 00:00:00,dev_1,24.480007946879752,24.647386197451336
2025-01-01 01:00:00,dev_1,24.85523354478298,25.14302610517092
2025-01-01 02:00:00,dev_1,25.325515902978587,24.931564193702066
2025-01-01 03:00:00,dev_1,24.34999830865167,24.063800535714616
2025-01-01 04:00:00,dev_1,23.69890855522051,23.756080856662706
2025-01-01 05:00:00,dev_1,23.762828756804154,23.642683190673033
2025-01-01 06:00:00,dev_1,23.60470746063236,23.595540454993554
2025-01-01 07:00:00,dev_1,23.596306881880217,23.36107093544016
2025-01-01 08:00:00,dev_1,23.169784918093427,23.31005153383913
2025-01-01 09:00:00,dev_1,23.60948390552484,23.72887405962323
2025-01-01 10:00:00,dev_1,23.998379873239315,24.16469422372255
2025-01-01 11:00:00,dev_1,24.031395222019924,24.445103225907296
2025-01-01 12:00:00,dev_1,24.59501582550394,24.716905227447736
2025-01-01 13:00:00,dev_1,24.828770496629964,24.58222168961346
2025-01-01 14:00:00,dev_1,24.399124265188345,24.517321745643684
2025-01-01 15:00:00,dev_1,24.583499657229595,24.3223034532332
2025-01-01 16:00:00,dev_1,24.10405835681509,24.50270538077259
2025-01-01 17:00:00,dev_1,24.54328350746873,24.47346893534849
2025-01-01 18:00:00,dev_1,24.51832055197561,24.38903786421621
2025-01-01 19:00:00,dev_1,24.42588937020297,24.229709287157075
2025-01-01 20:00:00,dev_1,24.085424598001005,24.5344953884813
2025-01-01 21:00:00,dev_1,24.69669526733802,24.572259892225816
2025-01-01 22:00:00,dev_1,24.619430526303617,24.454226327230128
2025-01-01 23:00:00,dev_1,24.405266615222065,24.293597968110642
2025-01-02 00:00:00,dev_1,24.229199839977948,24.497809256047006
2025-01-02 01:00:00,dev_1,24.495354432754624,24.639074302484243
2025-01-02 02:00:00,dev_1,24.678076464936662,24.789812568299922
2025-01-02 03:00:00,dev_1,24.88444277073466,25.073652886952377
2025-01-02 04:00:00,dev_1,25.0998532722386,25.841364328695835
2025-01-02 05:00:00,dev_1,26.17067707267383,25.963659311506706
2025-01-02 06:00:00,dev_1,25.96746956448152,25.81164157106028
2025-01-02 07:00:00,dev_1,25.711348199945757,25.51773246545812
2025-01-02 08:00:00,dev_1,25.30446183582181,25.472662660955145
2025-01-02 09:00:00,dev_1,25.61245154710956,25.988362962302823
2025-01-02 10:00:00,dev_1,26.17693769347001,26.10035732438405
2025-01-02 11:00:00,dev_1,26.11996396464257,25.834365917875587
2025-01-02 12:00:00,dev_1,25.699885726161305,25.38079231876924
2025-01-02 13:00:00,dev_1,25.287645118315687,25.491977704957012
2025-01-02 14:00:00,dev_1,25.61294151222804,25.88318508981303
2025-01-02 15:00:00,dev_1,25.98456859782976,26.1546230809818
2025-01-02 16:00:00,dev_1,26.256145731982357,26.10139251461502
2025-01-02 17:00:00,dev_1,25.923390878338008,25.996511085489622
2025-01-02 18:00:00,dev_1,26.039471539871368,26.17050091402158
2025-01-02 19:00:00,dev_1,26.09781444444173,26.21586985161668
2025-01-02 20:00:00,dev_1,26.20715874280624,26.51655413094524
2025-01-02 21:00:00,dev_1,26.64287313178033,26.68518771058583
2025-01-02 22:00:00,dev_1,26.754670906167675,26.814407715401856
2025-01-02 23:00:00,dev_1,27.094127687703622,26.999860081544558
2025-01-03 00:00:00,dev_1,27.12791722244807,27.246807538631657
2025-01-03 01:00:00,dev_1,27.27247692179306,27.412259952423796
2025-01-03 02:00:00,dev_1,27.58812103471233,27.092369763286143
2025-01-03 03:00:00,dev_1,26.859543124784494,26.604076569654335
2025-01-03 04:00:00,dev_1,26.699707516605848,26.48318766470486
2025-01-03 05:00:00,dev_1,26.464521189459447,26.26859832723642
2025-01-03 06:00:00,dev_1,26.145082265337777,26.0402617380134
2025-01-03 07:00:00,dev_1,26.00751113972444,26.488909885304277
2025-01-03 08:00:00,dev_1,26.754981795341635,26.41684465606239
2025-01-03 09:00:00,dev_1,26.32206623749501,26.533195727647342
2025-01-03 10:00:00,dev_1,26.806205414790757,26.211127207245628
2025-01-03 11:00:00,dev_1,25.96477052898285,25.94644341613615
2025-01-03 12:00:00,dev_1,25.79732801398996,25.920465544005857
2025-01-03 13:00:00,dev_1,25.878704546542465,26.131230037776913
2025-01-03 14:00:00,dev_1,26.171815712222102,26.39336118087217
2025-01-03 15:00:00,dev_1,26.52742900211853,26.760581194870994
2025-01-03 16:00:00,dev_1,26.924102619718496,26.683118780967835
2025-01-03 17:00:00,dev_1,26.74974008359428,26.502708154758032
2025-01-03 18:00:00,dev_1,26.518564187261997,26.662327339165866
2025-01-03 19:00:00,dev_1,26.947552127890567,26.7107295199874
2025-01-03 20:00:00,dev_1,26.85189996544976,26.329525716559374
2025-01-03 21:00:00,dev_1,26.2140568037808,25.96393039582347
2025-01-03 22:00:00,dev_1,25.64741319677906,25.438790005853956
2025-01-03 23:00:00,dev_1,25.18768705377825,25.375178942438257
2025-01-04 00:00:00,dev_1,25.436267425805138,25.4479678785465
2025-01-04 01:00:00,dev_1,25.50748029384042,25.667121605071006
2025-01-04 02:00:00,dev_1,25.852722970874304,25.741292635531618
2025-01-04 03:00:00,dev_1,25.63909664770604,25.66940130267921
2025-01-04 04:00:00,dev_1,25.718366493244396,25.91141423312492
2025-01-04 05:00:00,dev_1,26.03116169022806,25.92943801957118
2025-01-04 06:00:00,dev_1,25.87648842036794,26.01138580527791
2025-01-04 07:00:00,dev_1,26.10487603914665,25.901791744414872
2025-01-04 08:00:00,dev_1,25.77391306861332,25.674938862350885
2025-01-04 09:00:00,dev_1,25.59238614533079,25.51263575773737
2025-01-04 10:00:00,dev_1,25.40151719833162,25.0660229344891
2025-01-04 11:00:00,dev_1,24.8035973755371,24.922629333645762
2025-01-04 12:00:00,dev_1,25.047083615929893,25.022407091256845
2025-01-04 13:00:00,dev_1,24.812382445828533,24.863760630328997
2025-01-04 14:00:00,dev_1,24.818629505192376,24.92549634645726
2025-01-04 15:00:00,dev_1,25.05900283464533,25.174611484065778
2025-01-04 16:00:00,dev_1,25.2822684226603,25.42473060925179
2025-01-04 17:00:00,dev_1,25.61496097714669,25.522583525565423
2025-01-04 18:00:00,dev_1,25.565718234891985,25.41593777904956
2025-01-04 19:00:00,dev_1,25.354069078869905,25.1224326240902
2025-01-04 20:00:00,dev_1,25.314209973416705,24.746759788783134
2025-01-04 21:00:00,dev_1,24.47054275643769,23.980322167806115
2025-01-04 22:00:00,dev_1,23.746986520226148,23.41401234608449
2025-01-04 23:00:00,dev_1,23.085636714048945,22.795301395022772
2025-01-05 00:00:00,dev_1,22.58701330024821,22.763885384957653
2025-01-05 01:00:00,dev_1,22.786900413609924,22.399253891824173
2025-01-05 02:00:00,dev_1,22.334160885929894,22.21783592676508
2025-01-05 03:00:00,dev_1,22.1450796089102,22.520851549802742
2025-01-05 04:00:00,dev_1,22.79469375780323,22.549310396464524
2025-01-05 05:00:00,dev_1,22.61656177227252,22.830436619147875
2025-01-05 06:00:00,dev_1,22.985319556506063,22.49407369931425
2025-01-05 07:00:00,dev_1,22.51851071650112,22.503657884945337
2025-01-05 08:00:00,dev_1,22.41579193756731,21.97579191059154
2025-01-05 09:00:00,dev_1,21.940780910112014,21.837087267097687
2025-01-05 10:00:00,dev_1,21.77126437216174,21.91321864544058
2025-01-05 11:00:00,dev_1,22.191418440890438,21.662302125600117
2025-01-05 12:00:00,dev_1,21.32775822929426,21.31846213089604
2025-01-05 13:00:00,dev_1,21.54497005106719,21.59687655238615
2025-01-05 14:00:00,dev_1,21.66383785223333,21.549107397782823
2025-01-05 15:00:00,dev_1,21.36676287438493,20.821734791666955
2025-01-05 16:00:00,dev_1,20.643733947190704,20.774971326052825
2025-01-05 17:00:00,dev_1,20.67979870104764,20.558286043256317
2025-01-05 18:00:00,dev_1,20.415052346515736,20.51923615133455
2025-01-05 19:00:00,dev_1,20.531390452193087,20.608356176130705
2025-01-05 20:00:00,dev_1,20.54231652495481,21.019715463761845
2025-01-05 21:00:00,dev_1,21.343205970615266,21.40517420216674
2025-01-05 22:00:00,dev_1,21.223528156878757,20.94099915997681
2025-01-05 23:00:00,dev_1,20.71177941056782,20.725399523813664
2025-01-06 00:00:00,dev_1,20.80141722804598,20.830673644729583
2025-01-06 01:00:00,dev_1,20.911415570031863,21.139647356811384
2025-01-06 02:00:00,dev_1,21.59100935765208,22.01625957926905
2025-01-06 03:00:00,dev_1,22.00856498060937,22.150369390404887
2025-01-06 04:00:00,dev_1,22.187000510184124,22.545410929483293
2025-01-06 05:00:00,dev_1,22.918651955793905,22.368167879400957
2025-01-06 06:00:00,dev_1,22.32427042863248,21.978217320495247
2025-01-06 07:00:00,dev_1,22.004394662257607,21.7517936125269
2025-01-06 08:00:00,dev_1,21.541106691554845,21.50380804848622
2025-01-06 09:00:00,dev_1,21.34620178997696,20.933473273967092
2025-01-06 10:00:00,dev_1,20.657858716198803,20.86591905588019
2025-01-06 11:00:00,dev_1,20.975434189606005,20.900917660748465
2025-01-06 12:00:00,dev_1,20.86432284105662,20.358402000875177
2025-01-06 13:00:00,dev_1,20.12891969380529,19.658480107370067
2025-01-06 14:00:00,dev_1,19.62113015320152,19.679271668610525
2025-01-06 15:00:00,dev_1,19.777887076926618,20.051597557811107
2025-01-06 16:00:00,dev_1,20.196950360873807,20.781911114635935
2025-01-06 17:00:00,dev_1,21.1953158067197,22.054887343317233
2025-01-06 18:00:00,dev_1,22.652247039723367,22.698553770192415
2025-01-06 19:00:00,dev_1,22.859451756361363,22.33489003485819
2025-01-06 20:00:00,dev_1,22.364682696345437,21.6148103413795
2025-01-06 21:00:00,dev_1,21.29865955597977,21.301668959014297
2025-01-06 22:00:00,dev_1,21.43251528715169,21.243719164883295
2025-01-06 23:00:00,dev_1,21.02604473949653,20.88914179838701
2025-01-07 00:00:00,dev_1,20.81836610940669,20.615516627410706
2025-01-07 01:00:00,dev_1,20.512317709876783,20.41977134262869
2025-01-07 02:00:00,dev_1,20.44192226666859,20.74683614242808
2025-01-07 03:00:00,dev_1,20.974912382062413,21.0511823044627
2025-01-07 04:00:00,dev_1,21.053436665785085,21.144382485386426
2025-01-07 05:00:00,dev_1,20.97411924726574,20.654807425481795
2025-01-07 06:00:00,dev_1,20.45629237085284,20.027023044522384
2025-01-07 07:00:00,dev_1,19.618950898500657,19.460837820164876
2025-01-07 08:00:00,dev_1,19.37579694396399,19.46673096518343
2025-01-07 09:00:00,dev_1,19.34890566855483,19.949992486892928
2025-01-07 10:00:00,dev_1,20.232870625344773,20.344918220643397
2025-01-07 11:00:00,dev_1,20.298007886081216,20.63973278470922
2025-01-07 12:00:00,dev_1,20.789377641592747,20.67547293504947
2025-01-07 13:00:00,dev_1,20.53972984232317,20.230664018523548
2025-01-07 14:00:00,dev_1,19.94725795911466,19.57950853417386
2025-01-07 15:00:00,dev_1,19.464699577998477,19.45678800284859
2025-01-07 16:00:00,dev_1,19.102086545730597,19.941753875591786
2025-01-07 17:00:00,dev_1,20.16632141194817,19.87119202613734
2025-01-07 18:00:00,dev_1,19.755628072335984,20.102125252759684
2025-01-07 19:00:00,dev_1,20.17487267420416,19.853253733221788
2025-01-07 20:00:00,dev_1,19.723409085160643,20.08871785043277
2025-01-07 21:00:00,dev_1,20.18919559159777,20.413097673512294
2025-01-07 22:00:00,dev_1,20.381671074650697,20.458726223623962
2025-01-07 23:00:00,dev_1,20.30335212582165,20.42098228236097
2025-01-08 00:00:00,dev_1,20.28297086275393,20.204224101694304
2025-01-08 01:00:00,dev_1,19.95557701503924,20.021372359469833
2025-01-08 02:00:00,dev_1,20.17861311578028,19.951650127033314
2025-01-08 03:00:00,dev_1,19.95112137560989,19.53927320450258
2025-01-08 04:00:00,dev_1,19.338318493726263,19.068101099290864
2025-01-08 05:00:00,dev_1,18.69934970656645,18.959908785643872
2025-01-08 06:00:00,dev_1,18.785643665427514,19.401364660050557
2025-01-08 07:00:00,dev_1,19.57518929363273,19.663962069912074
2025-01-08 08:00:00,dev_1,19.65518510041945,19.61734923037316
2025-01-08 09:00:00,dev_1,19.59586593736451,19.825012826609456
2025-01-08 10:00:00,dev_1,19.738779007165785,20.16917490221068
2025-01-08 11:00:00,dev_1,20.391779878019197,20.531487243026874
2025-01-08 12:00:00,dev_1,20.501471128701123,20.41340910086545
2025-01-08 13:00:00,dev_1,20.296007513284252,20.64100189011456
2025-01-08 14:00:00,dev_1,20.8491518683142,20.94865205039554
2025-01-08 15:00:00,dev_1,21.063530087545004,21.481139433812647
2025-01-08 16:00:00,dev_1,21.831408083543003,21.87654628636748
2025-01-08 17:00:00,dev_1,21.923025302153956,21.546719035783763
2025-01-08 18:00:00,dev_1,21.310790786293705,20.86765894846805
2025-01-08 19:00:00,dev_1,20.62671118667087,21.10696998589615
2025-01-08 20:00:00,dev_1,21.45217515278649,21.87766224318717
2025-01-08 21:00:00,dev_1,22.314008013178142,22.056521722235342
2025-01-08 22:00:00,dev_1,22.224248406536844,22.177555158790835
2025-01-08 23:00:00,dev_1,22.03265474596885,22.34505500643614
2025-01-09 00:00:00,dev_1,22.76337689208995,22.313209271013548
2025-01-09 01:00:00,dev_1,22.20985405106821,21.898373077136647
2025-01-09 02:00:00,dev_1,21.762490541590296,21.984245052244074
2025-01-09 03:00:00,dev_1,22.08415393893482,22.042068979700353
2025-01-09 04:00:00,dev_1,21.88685137750502,21.91318330535773
2025-01-09 05:00:00,dev_1,21.884290444144987,21.829145729691717
2025-01-09 06:00:00,dev_1,21.80256899488273,21.943177081712474
2025-01-01 00:00:00,dev_2,66.49785069294997,66.98048056845771
2025-01-01 01:00:00,dev_2,67.02746256239813,67.37967698176227
2025-01-01 02:00:00,dev_2,67.54038098384075,67.52396212999344
2025-01-01 03:00:00,dev_2,67.55983758729147,67.28009387043922
2025-01-01 04:00:00,dev_2,67.13731492330689,66.80816213000227
2025-01-01 05:00:00,dev_2,66.59546550962787,66.80716176475379
2025-01-01 06:00:00,dev_2,66.76776796200305,66.91500196490978
2025-01-01 07:00:00,dev_2,66.95740797918563,67.34216600361142
2025-01-01 08:00:00,dev_2,67.60107353498816,67.90884702909707
2025-01-01 09:00:00,dev_2,68.1510633601592,68.00907974103718
2025-01-01 10:00:00,dev_2,68.08494903189361,67.75079357624026
2025-01-01 11:00:00,dev_2,67.46284609246318,67.29978214529305
2025-01-01 12:00:00,dev_2,67.30329279395774,67.29492232727748
2025-01-01 13:00:00,dev_2,67.411908391363,67.29919102686476
2025-01-01 14:00:00,dev_2,67.31086676866829,67.10830314123689
2025-01-01 15:00:00,dev_2,67.02191971462946,67.03098033373715
2025-01-01 16:00:00,dev_2,67.1483621221144,66.93504193617758
2025-01-01 17:00:00,dev_2,66.8963832514091,66.70485802537543
2025-01-01 18:00:00,dev_2,66.58235020954642,66.78143730089123
2025-01-01 19:00:00,dev_2,66.73807662669815,66.63671637319341
2025-01-01 20:00:00,dev_2,66.53708033663354,66.70458752666694
2025-01-01 21:00:00,dev_2,66.65913253112271,66.69542221381607
2025-01-01 22:00:00,dev_2,66.79573454254877,66.27615128830048
2025-01-01 23:00:00,dev_2,66.22602004200299,66.07954079160632
2025-01-02 00:00:00,dev_2,65.98539948007028,66.40129875018084
2025-01-02 01:00:00,dev_2,66.70428795002852,66.49746964613854
2025-01-02 02:00:00,dev_2,66.12324819366137,65.77384591659589
2025-01-02 03:00:00,dev_2,65.0649209691761,64.52163850216289
2025-01-02 04:00:00,dev_2,64.13399839255484,64.1859513392583
2025-01-02 05:00:00,dev_2,64.14855336584318,64.15670947685149
2025-01-02 06:00:00,dev_2,64.16401200485953,64.12551451715436
2025-01-02 07:00:00,dev_2,64.10520657714697,64.48925485009426
2025-01-02 08:00:00,dev_2,64.71230149161123,63.76175440344854
2025-01-02 09:00:00,dev_2,63.37588427505976,63.62010967227121
2025-01-02 10:00:00,dev_2,63.573851212275166,64.06831619659971
2025-01-02 11:00:00,dev_2,64.35457031317695,63.92777397776335
2025-01-02 12:00:00,dev_2,63.790679930731095,63.71571455525798
2025-01-02 13:00:00,dev_2,63.60077667483615,63.414548693218556
2025-01-02 14:00:00,dev_2,63.22433071622184,62.76428610885053
2025-01-02 15:00:00,dev_2,62.77715769318307,62.6286613888184
2025-01-02 16:00:00,dev_2,62.61402669067155,62.942668009778636
2025-01-02 17:00:00,dev_2,63.3277693325138,63.81765276117804
2025-01-02 18:00:00,dev_2,64.24646267025757,64.14463694330998
2025-01-02 19:00:00,dev_2,64.07849305773749,64.60056787196135
2025-01-02 20:00:00,dev_2,65.03102316476972,65.06096484977868
2025-01-02 21:00:00,dev_2,65.04881140326204,65.46600487013677
2025-01-02 22:00:00,dev_2,65.92565691661258,65.79109387593398
2025-01-02 23:00:00,dev_2,65.87900759178584,65.85105803777543
2025-01-03 00:00:00,dev_2,65.94453650480891,65.97433237148486
2025-01-03 01:00:00,dev_2,66.12727374113032,67.06156482754449
2025-01-03 02:00:00,dev_2,67.71670058081409,68.0370231193357
2025-01-03 03:00:00,dev_2,68.14234336823648,67.89543213305103
2025-01-03 04:00:00,dev_2,67.78871110326075,68.15969325840805
2025-01-03 05:00:00,dev_2,68.27321003839869,68.17525811069898
2025-01-03 06:00:00,dev_2,68.09229376985651,67.94517147481992
2025-01-03 07:00:00,dev_2,67.8474186784059,68.24047689817039
2025-01-03 08:00:00,dev_2,68.30171935835196,68.30930525277577
2025-01-03 09:00:00,dev_2,68.31726215223753,68.40491606352732
2025-01-03 10:00:00,dev_2,68.45655010949345,68.45670867774854
2025-01-03 11:00:00,dev_2,68.46354272042609,68.59220377700326
2025-01-03 12:00:00,dev_2,68.63183428372881,68.67813984920741
2025-01-03 13:00:00,dev_2,68.84431723244688,68.15765970551487
2025-01-03 14:00:00,dev_2,67.87583376609417,68.04169568806175
2025-01-03 15:00:00,dev_2,68.20912010039893,67.81853884271608
2025-01-03 16:00:00,dev_2,67.71811039048379,67.38440228348699
2025-01-03 17:00:00,dev_2,66.99696082270408,66.94046500773811
2025-01-03 18:00:00,dev_2,66.96775520077475,66.9653648314427
2025-01-03 19:00:00,dev_2,67.00974570243197,66.75463677600906
2025-01-03 20:00:00,dev_2,66.66299262014583,66.90217445805219
2025-01-03 21:00:00,dev_2,67.07850854897981,66.69675998154518
2025-01-03 22:00:00,dev_2,66.40742096579436,66.28819140638721
2025-01-03 23:00:00,dev_2,66.20394909140808,66.07999576916117
2025-01-04 00:00:00,dev_2,65.91151202394158,66.01421445149451
2025-01-04 01:00:00,dev_2,65.88821838877192,65.96703940664213
2025-01-04 02:00:00,dev_2,66.02765053109553,65.66127161914717
2025-01-04 03:00:00,dev_2,65.52370405628376,65.33670654808041
2025-01-04 04:00:00,dev_2,65.88584539501187,65.85129310092235
2025-01-04 05:00:00,dev_2,65.91734657917922,65.35744666685258
2025-01-04 06:00:00,dev_2,64.97137345252327,64.19155241121145
2025-01-04 07:00:00,dev_2,63.99207773232475,63.954830888959684
2025-01-04 08:00:00,dev_2,63.9859180858601,63.72654098417894
2025-01-04 09:00:00,dev_2,63.87543442696692,63.853549233844824
2025-01-04 10:00:00,dev_2,63.823724370179605,63.87921353653301
2025-01-04 11:00:00,dev_2,63.80973314191449,63.90183515578103
2025-01-04 12:00:00,dev_2,63.922513061669584,64.15575359474096
2025-01-04 13:00:00,dev_2,64.39633786659374,63.92614559244846
2025-01-04 14:00:00,dev_2,63.84078541613496,63.565041088862735
2025-01-04 15:00:00,dev_2,63.25479961968456,62.74057609087137
2025-01-04 16:00:00,dev_2,62.70813769074087,62.78605296068033
2025-01-04 17:00:00,dev_2,62.85259602432522,63.23377500712015
2025-01-04 18:00:00,dev_2,63.475069713648445,63.39511516175437
2025-01-04 19:00:00,dev_2,63.25939999452869,62.487935558072316
2025-01-04 20:00:00,dev_2,62.00855007244886,61.42579525841536
2025-01-04 21:00:00,dev_2,61.15655364114368,60.882471497736
2025-01-04 22:00:00,dev_2,60.74003527974567,60.58562401156226
2025-01-04 23:00:00,dev_2,60.46117083599806,60.357956635547716
2025-01-05 00:00:00,dev_2,60.2569765223707,60.24951874624942
2025-01-05 01:00:00,dev_2,60.27626708386116,60.18259886530608
2025-01-05 02:00:00,dev_2,60.120393918449935,60.44798025094017
2025-01-05 03:00:00,dev_2,60.645063723721634,60.39671355704093
2025-01-05 04:00:00,dev_2,60.30705507088095,60.0148891295424
2025-01-05 05:00:00,dev_2,59.87589609114318,59.97089770288626
2025-01-05 06:00:00,dev_2,60.11533386040341,59.69767057568531
2025-01-05 07:00:00,dev_2,59.34751282544035,59.55559615075266
2025-01-05 08:00:00,dev_2,59.54235867810035,59.74893280541741
2025-01-05 09:00:00,dev_2,59.593635269963485,59.67072137173225
2025-01-05 10:00:00,dev_2,59.5199140250044,60.096671734773444
2025-01-05 11:00:00,dev_2,60.31405207857903,60.02634746826428
2025-01-05 12:00:00,dev_2,60.00294835593167,60.5393017568199
2025-01-05 13:00:00,dev_2,61.03309744119371,60.86973884212941
2025-01-05 14:00:00,dev_2,60.92038171657966,60.59146141305273
2025-01-05 15:00:00,dev_2,60.28187349409455,60.247521683232364
2025-01-05 16:00:00,dev_2,60.31683328459196,60.05786236756555
2025-01-05 17:00:00,dev_2,59.778710684432575,59.72125102859776
2025-01-05 18:00:00,dev_2,59.40283276052583,59.59840062731169
2025-01-05 19:00:00,dev_2,59.60134941053357,59.88238270677738
2025-01-05 20:00:00,dev_2,59.87914045485864,59.66128431298079
2025-01-05 21:00:00,dev_2,59.5680566047315,59.912554168846675
2025-01-05 22:00:00,dev_2,60.06175917725471,60.42747508052857
2025-01-05 23:00:00,dev_2,60.64051305626527,60.9878537907429
2025-01-06 00:00:00,dev_2,61.35866393454692,61.656464912658194
2025-01-06 01:00:00,dev_2,61.623370638109776,62.03070814599987
2025-01-06 02:00:00,dev_2,62.30508499415263,61.91620530714121
2025-01-06 03:00:00,dev_2,61.3646857801656,61.47319064803212
2025-01-06 04:00:00,dev_2,61.205732505851365,60.94278657416829
2025-01-06 05:00:00,dev_2,60.77222987768965,60.83030016359868
2025-01-06 06:00:00,dev_2,60.83184280825335,60.686908870068855
2025-01-06 07:00:00,dev_2,60.54611819865498,60.66221963915592
2025-01-06 08:00:00,dev_2,60.46303927768012,61.00578436632269
2025-01-06 09:00:00,dev_2,61.40412671778214,61.39808485120172
2025-01-06 10:00:00,dev_2,61.31926681957195,61.584078551763504
2025-01-06 11:00:00,dev_2,61.52616297816706,61.44899493338085
2025-01-06 12:00:00,dev_2,61.41002831320494,61.51497770519191
2025-01-06 13:00:00,dev_2,61.44788495718336,61.48712886774598
2025-01-06 14:00:00,dev_2,61.45089329740139,61.64968133569014
2025-01-06 15:00:00,dev_2,61.67505533038798,61.86122608870142
2025-01-06 16:00:00,dev_2,62.25770909816156,62.698471672404196
2025-01-06 17:00:00,dev_2,63.08140609696323,63.10868881574615
2025-01-06 18:00:00,dev_2,63.23621613791781,63.28818439211126
2025-01-06 19:00:00,dev_2,63.53098958093561,63.19935772237999
2025-01-06 20:00:00,dev_2,62.95555732634283,62.99568344761516
2025-01-06 21:00:00,dev_2,62.91161895513502,63.279961853117086
2025-01-06 22:00:00,dev_2,63.381763687576814,63.6454703206623
2025-01-06 23:00:00,dev_2,63.814748006785386,63.71802497218978
2025-01-07 00:00:00,dev_2,63.92055287318291,64.33787718320986
2025-01-07 01:00:00,dev_2,64.36374985296689,64.47552034937814
2025-01-07 02:00:00,dev_2,64.6091332074638,64.90373396371388
2025-01-07 03:00:00,dev_2,65.20928633659346,65.17269545897783
2025-01-07 04:00:00,dev_2,65.35396591507201,65.15244051543455
2025-01-07 05:00:00,dev_2,65.1761167572865,64.99137728880875
2025-01-07 06:00:00,dev_2,65.34403738575301,64.39287898016522
2025-01-07 07:00:00,dev_2,63.87874019782662,63.97900807654068
2025-01-07 08:00:00,dev_2,64.07018306601915,62.95989184789277
2025-01-07 09:00:00,dev_2,62.24597665341176,61.78174914409911
2025-01-07 10:00:00,dev_2,61.38424494970905,61.65453368398748
2025-01-07 11:00:00,dev_2,61.61012925017954,61.776123937108125
2025-01-07 12:00:00,dev_2,61.84889391881293,61.42859595297392
2025-01-07 13:00:00,dev_2,61.267679528742974,61.109540577809554
2025-01-07 14:00:00,dev_2,60.9116285078035,61.381052594095245
2025-01-07 15:00:00,dev_2,61.59689900211057,61.397036648736815
2025-01-07 16:00:00,dev_2,61.35488393632423,62.05598851620236
2025-01-07 17:00:00,dev_2,62.47634409252572,62.55889091715175
2025-01-07 18:00:00,dev_2,62.47538416593755,62.57621394407872
2025-01-07 19:00:00,dev_2,62.67940225437818,63.12471513806506
2025-01-07 20:00:00,dev_2,63.48783945362749,63.48207388069133
2025-01-07 21:00:00,dev_2,63.5533530117242,63.227620725139744
2025-01-07 22:00:00,dev_2,63.05218102137879,62.989832985384034
2025-01-07 23:00:00,dev_2,62.99731729553165,63.06645800913004
2025-01-08 00:00:00,dev_2,62.97951192743661,62.51222717964877
2025-01-08 01:00:00,dev_2,62.29714110133583,62.08010826132987
2025-01-08 02:00:00,dev_2,62.16922506566541,61.9146664164099
2025-01-08 03:00:00,dev_2,61.79812901866669,62.02477693873142
2025-01-08 04:00:00,dev_2,62.26030789726041,62.29415167830734
2025-01-08 05:00:00,dev_2,62.27761383435303,62.21935713923712
2025-01-08 06:00:00,dev_2,62.13621595977925,62.11865473867899
2025-01-08 07:00:00,dev_2,62.083124994467966,62.15527043133156
2025-01-08 08:00:00,dev_2,62.194686003671045,62.36553608143011
2025-01-08 09:00:00,dev_2,62.50309310351594,62.14170575819842
2025-01-08 10:00:00,dev_2,62.00323698918125,61.7123400097355
2025-01-08 11:00:00,dev_2,61.48244317287061,61.92007752728357
2025-01-08 12:00:00,dev_2,62.034782780571874,61.985895254594006
2025-01-08 13:00:00,dev_2,61.82861434446951,61.333491688124106
2025-01-08 14:00:00,dev_2,61.120193298171074,61.22249825657469
2025-01-08 15:00:00,dev_2,61.34209965286262,61.516011696636696
2025-01-08 16:00:00,dev_2,61.573784555878966,61.15140466008364
2025-01-08 17:00:00,dev_2,60.808426927250615,60.96736177676436
2025-01-08 18:00:00,dev_2,60.92316778498242,61.22821528891174
2025-01-08 19:00:00,dev_2,61.2909593311966,61.468432679308705
2025-01-08 20:00:00,dev_2,61.47815255704974,61.63711303273511
2025-01-08 21:00:00,dev_2,61.79414329893044,61.073410866087514
2025-01-08 22:00:00,dev_2,61.09200874988506,61.1582481766137
2025-01-08 23:00:00,dev_2,61.25752882738316,61.118842359799956
2025-01-09 00:00:00,dev_2,61.10621894764793,60.97352603327857
2025-01-09 01:00:00,dev_2,60.86482386828561,61.08703832623727
2025-01-09 02:00:00,dev_2,61.300101672995474,61.92802970026405
2025-01-09 03:00:00,dev_2,62.03973892833259,62.53200920407705
2025-01-09 04:00:00,dev_2,62.93692395563277,63.11102234045509
2025-01-09 05:00:00,dev_2,63.59432789138573,63.71609043727604
2025-01-09 06:00:00,dev_2,63.53946080057063,63.69786605929041
2025-01-01 00:00:00,dev_3,59.11930039546422,59.51505121484603
2025-01-01 01:00:00,dev_3,59.908184497930165,59.66320802493886
2025-01-01 02:00:00,dev_3,59.37438761340772,59.59022446106549
2025-01-01 03:00:00,dev_3,59.34692018030626,59.80959238561943
2025-01-01 04:00:00,dev_3,59.91326509056606,60.18106286026636
2025-01-01 05:00:00,dev_3,60.54553499523507,60.13206039508994
2025-01-01 06:00:00,dev_3,59.83465317056279,59.83104522441703
2025-01-01 07:00:00,dev_3,59.67847544973485,60.141350661445166
2025-01-01 08:00:00,dev_3,60.357535997668485,60.523584413362606
2025-01-01 09:00:00,dev_3,60.611575550268014,60.64103260973072
2025-01-01 10:00:00,dev_3,60.70920706600791,60.58705498924265
2025-01-01 11:00:00,dev_3,60.600364719290575,60.410309081461975
2025-01-01 12:00:00,dev_3,60.4084642564367,60.49225995479612
2025-01-01 13:00:00,dev_3,60.55257378798186,60.42601981555503
2025-01-01 14:00:00,dev_3,60.42638672548962,60.40850810870997
2025-01-01 15:00:00,dev_3,60.4050974149674,60.41513575702194
2025-01-01 16:00:00,dev_3,60.44439676802492,60.21986614788576
2025-01-01 17:00:00,dev_3,60.10536100377817,60.386909275712334
2025-01-01 18:00:00,dev_3,60.37142569071889,61.417745016929295
2025-01-01 19:00:00,dev_3,61.8285480149266,61.06399578102588
2025-01-01 20:00:00,dev_3,60.94005469526356,61.13835812775656
2025-01-01 21:00:00,dev_3,61.10206095735855,60.93885419540184
2025-01-01 22:00:00,dev_3,60.7219659130491,60.931170841252566
2025-01-01 23:00:00,dev_3,61.01066720180872,61.01537713875538
2025-01-02 00:00:00,dev_3,61.033945938472655,61.21386441649784
2025-01-02 01:00:00,dev_3,61.414873325493886,61.894405659157094
2025-01-02 02:00:00,dev_3,62.00262661374828,62.03105645582794
2025-01-02 03:00:00,dev_3,62.098837172632365,62.427019506627765
2025-01-02 04:00:00,dev_3,62.66486331683945,61.948188559860206
2025-01-02 05:00:00,dev_3,61.49271436994511,62.168870646055254
2025-01-02 06:00:00,dev_3,62.28794051890313,62.43830139731755
2025-01-02 07:00:00,dev_3,62.475471594849296,62.55411359317612
2025-01-02 08:00:00,dev_3,63.01439327272189,62.51726688837529
2025-01-02 09:00:00,dev_3,62.40445540030112,62.07722627496137
2025-01-02 10:00:00,dev_3,61.98907045949846,61.98433746357362
2025-01-02 11:00:00,dev_3,62.06203960657085,62.09381483292385
2025-01-02 12:00:00,dev_3,62.05352066190211,62.197572816735956
2025-01-02 13:00:00,dev_3,62.19505495590711,62.518106891570305
2025-01-02 14:00:00,dev_3,62.737312536372094,62.24122950556051
2025-01-02 15:00:00,dev_3,61.85470237872067,62.0986926110203
2025-01-02 16:00:00,dev_3,62.341611914579325,62.394554734774005
2025-01-02 17:00:00,dev_3,62.34575286955828,62.30052385593081
2025-01-02 18:00:00,dev_3,62.24386193899601,61.89418219671285
2025-01-02 19:00:00,dev_3,61.50830432180357,61.702983686567656
2025-01-02 20:00:00,dev_3,61.759828655992,60.895466262212366
2025-01-02 21:00:00,dev_3,60.55277473047648,60.79980260677573
2025-01-02 22:00:00,dev_3,60.87697173609584,60.47148671632971
2025-01-02 23:00:00,dev_3,60.13091881835934,60.334444583122725
2025-01-03 00:00:00,dev_3,60.15764777466808,60.23326860471504
2025-01-03 01:00:00,dev_3,60.09806335600412,60.51748355588401
2025-01-03 02:00:00,dev_3,60.68283242965106,60.64522776650165
2025-01-03 03:00:00,dev_3,60.59350484514411,60.26428888739511
2025-01-03 04:00:00,dev_3,60.24643556457128,60.118945231260376
2025-01-03 05:00:00,dev_3,59.99313421658568,60.413248752795916
2025-01-03 06:00:00,dev_3,60.62957560096301,60.73190961271566
2025-01-03 07:00:00,dev_3,60.897724085553456,60.78969711547681
2025-01-03 08:00:00,dev_3,60.70490909479188,60.559070793169376
2025-01-03 09:00:00,dev_3,60.58668588480962,60.07457579107258
2025-01-03 10:00:00,dev_3,59.803097339516896,59.966280147276755
2025-01-03 11:00:00,dev_3,59.99733443994267,59.5458115925139
2025-01-03 12:00:00,dev_3,59.117426586094936,59.33582186804015
2025-01-03 13:00:00,dev_3,59.49332481901266,59.6628306073563
2025-01-03 14:00:00,dev_3,59.5576356152583,60.358597872067776
2025-01-03 15:00:00,dev_3,60.75111151504526,60.36351676150445
2025-01-03 16:00:00,dev_3,60.2010437381831,60.21360960499
2025-01-03 17:00:00,dev_3,60.14971269266279,60.697118183177956
2025-01-03 18:00:00,dev_3,61.04885654312432,61.36565798532899
2025-01-03 19:00:00,dev_3,61.644551363270025,61.29368042266129
2025-01-03 20:00:00,dev_3,61.29644533748008,61.54065511060341
2025-01-03 21:00:00,dev_3,61.4084290516668,61.454950063292905
2025-01-03 22:00:00,dev_3,61.40942872987434,61.51598164127641
2025-01-03 23:00:00,dev_3,61.55040666357142,61.280056756230785
2025-01-04 00:00:00,dev_3,61.20106644557901,60.99922325140184
2025-01-04 01:00:00,dev_3,61.15640624422864,60.68416968757346
2025-01-04 02:00:00,dev_3,60.35738005659029,60.49686324146898
2025-01-04 03:00:00,dev_3,60.42494178252432,60.50092165973455
2025-01-04 04:00:00,dev_3,60.64995211923524,60.51095243139911
2025-01-04 05:00:00,dev_3,60.536242412913296,59.908872923483656
2025-01-04 06:00:00,dev_3,59.728716967620905,60.05637135768572
2025-01-04 07:00:00,dev_3,60.22298289904664,60.263519721499115
2025-01-04 08:00:00,dev_3,60.40524541804304,60.07444231849397
2025-01-04 09:00:00,dev_3,60.04223786919255,60.087422767386094
2025-01-04 10:00:00,dev_3,59.90193764577352,59.52527722646485
2025-01-04 11:00:00,dev_3,59.1516029443826,58.95011816913858
2025-01-04 12:00:00,dev_3,58.63889788049365,58.738980444793675
2025-01-04 13:00:00,dev_3,58.36999220731508,58.54641920401583
2025-01-04 14:00:00,dev_3,58.98420261345515,58.662078770244655
2025-01-04 15:00:00,dev_3,58.66445091801141,58.799135598223344
2025-01-04 16:00:00,dev_3,58.984557747675794,58.71712605321874
2025-01-04 17:00:00,dev_3,58.71539964624501,58.884548971609284
2025-01-04 18:00:00,dev_3,58.83937342667094,58.832191236221696
2025-01-04 19:00:00,dev_3,58.76867567559904,59.10909796781395
2025-01-04 20:00:00,dev_3,59.20520397564541,59.08057174701298
2025-01-04 21:00:00,dev_3,58.93779830653613,58.48483929049367
2025-01-04 22:00:00,dev_3,58.15153418153491,57.963954273294945
2025-01-04 23:00:00,dev_3,57.4605596658531,57.26454446457109
2025-01-05 00:00:00,dev_3,57.19462091888172,56.7323076902476
2025-01-05 01:00:00,dev_3,56.57009093354269,56.776129964874784
2025-01-05 02:00:00,dev_3,56.77519694138247,56.60282146357269
2025-01-05 03:00:00,dev_3,56.54231285895342,57.318344346204576
2025-01-05 04:00:00,dev_3,57.72961613396664,56.816878322970126
2025-01-05 05:00:00,dev_3,56.86075883639808,56.92166972020881
2025-01-05 06:00:00,dev_3,56.96257542575297,56.57556292722337
2025-01-05 07:00:00,dev_3,56.39859891400014,56.41363065266995
2025-01-05 08:00:00,dev_3,56.1518982438088,55.97064530034423
2025-01-05 09:00:00,dev_3,56.22260798047908,55.411108679981915
2025-01-05 10:00:00,dev_3,55.05992229304193,55.329223454305755
2025-01-05 11:00:00,dev_3,55.17833535143595,55.851318653128644
2025-01-05 12:00:00,dev_3,56.12978908257303,55.95965579050907
2025-01-05 13:00:00,dev_3,55.903069933388736,56.00894445002612
2025-01-05 14:00:00,dev_3,56.03297386179149,56.25153690526382
2025-01-05 15:00:00,dev_3,56.545434708354186,56.49834773143762
2025-01-05 16:00:00,dev_3,56.46345795834069,56.13634685995037
2025-01-05 17:00:00,dev_3,56.172977864074944,55.33495390074656
2025-01-05 18:00:00,dev_3,55.03510966221407,55.2710152504877
2025-01-05 19:00:00,dev_3,55.35560502191156,55.44456993214089
2025-01-05 20:00:00,dev_3,55.29902081704711,55.055489357285715
2025-01-05 21:00:00,dev_3,54.79267889135303,54.761680166215754
2025-01-05 22:00:00,dev_3,54.85597724649188,54.60049583500619
2025-01-05 23:00:00,dev_3,54.56413706808878,54.29936095631502
2025-01-06 00:00:00,dev_3,54.29992400253102,54.43582368032334
2025-01-06 01:00:00,dev_3,54.60306958058538,54.09311111618192
2025-01-06 02:00:00,dev_3,53.93387837492345,54.06751374072819
2025-01-06 03:00:00,dev_3,54.45753601796033,53.9299944030584
2025-01-06 04:00:00,dev_3,53.75869293640113,53.69311635091946
2025-01-06 05:00:00,dev_3,53.427342232223495,53.9788177113602
2025-01-06 06:00:00,dev_3,54.38881532925679,54.58827646867231
2025-01-06 07:00:00,dev_3,54.952492710078,54.81629196894241
2025-01-06 08:00:00,dev_3,55.00129470632572,54.62694208797925
2025-01-06 09:00:00,dev_3,54.53102959857511,54.294272040731045
2025-01-06 10:00:00,dev_3,54.26639344522516,54.33546762327441
2025-01-06 11:00:00,dev_3,54.30303110251801,54.27299913450677
2025-01-06 12:00:00,dev_3,54.32179271868781,54.26985812345986
2025-01-06 13:00:00,dev_3,54.27635725387483,54.21742541538958
2025-01-06 14:00:00,dev_3,54.26094099683274,54.122295429911325
2025-01-06 15:00:00,dev_3,54.15375344198018,53.681286680280344
2025-01-06 16:00:00,dev_3,53.432764074160175,53.35910829307245
2025-01-06 17:00:00,dev_3,53.17450870307976,53.412415733375
2025-01-06 18:00:00,dev_3,53.63182073007318,53.05526125131932
2025-01-06 19:00:00,dev_3,52.94765358129762,52.80938162986251
2025-01-06 20:00:00,dev_3,52.85287582552798,52.40033808801196
2025-01-06 21:00:00,dev_3,52.44299886114256,52.3493239932425
2025-01-06 22:00:00,dev_3,52.49867407584162,52.34675635740967
2025-01-06 23:00:00,dev_3,52.30435748530821,52.65528257803226
2025-01-07 00:00:00,dev_3,53.04305431779554,53.252867773659844
2025-01-07 01:00:00,dev_3,53.29634589489067,53.01941136465974
2025-01-07 02:00:00,dev_3,52.64044431200206,52.771719669952944
2025-01-07 03:00:00,dev_3,52.97605831780891,52.65530403776358
2025-01-07 04:00:00,dev_3,52.58873238967788,52.34147064122447
2025-01-07 05:00:00,dev_3,52.30023420398911,52.366405100586064
2025-01-07 06:00:00,dev_3,52.45714371404267,52.33748447894086
2025-01-07 07:00:00,dev_3,52.21127000417761,52.51504368050641
2025-01-07 08:00:00,dev_3,52.65769791233909,52.335396705652386
2025-01-07 09:00:00,dev_3,52.27044288158238,52.098951013697
2025-01-07 10:00:00,dev_3,51.96096960528671,51.84062772316335
2025-01-07 11:00:00,dev_3,51.63278415851265,51.47038808439763
2025-01-07 12:00:00,dev_3,51.34996478433513,51.83129095859759
2025-01-07 13:00:00,dev_3,51.89956056210904,51.96386043336221
2025-01-07 14:00:00,dev_3,52.21395870891419,52.76237533547589
2025-01-07 15:00:00,dev_3,53.06893068592023,53.67309186799769
2025-01-07 16:00:00,dev_3,54.202752787869855,53.598609845838276
2025-01-07 17:00:00,dev_3,53.687394271903685,53.494573381637935
2025-01-07 18:00:00,dev_3,53.72260383556733,53.21002268221551
2025-01-07 19:00:00,dev_3,53.13450367724561,52.92602232313966
2025-01-07 20:00:00,dev_3,52.74570071337148,52.44042742796459
2025-01-07 21:00:00,dev_3,52.430659458243646,52.11299396423388
2025-01-07 22:00:00,dev_3,51.90208202117451,51.63373652218913
2025-01-07 23:00:00,dev_3,51.3761383847253,51.42429401420521
2025-01-08 00:00:00,dev_3,51.30399619546517,51.187142307546274
2025-01-08 01:00:00,dev_3,50.69563698627197,51.095503508641386
2025-01-08 02:00:00,dev_3,51.11670046584079,50.997050161874895
2025-01-08 03:00:00,dev_3,50.65782369713203,51.61257800219274
2025-01-08 04:00:00,dev_3,52.06260818218023,51.98293551837669
2025-01-08 05:00:00,dev_3,51.83691595669803,51.777107169205
2025-01-08 06:00:00,dev_3,51.87292477765655,51.45470693260657
2025-01-08 07:00:00,dev_3,51.22525418542354,51.82135411837118
2025-01-08 08:00:00,dev_3,52.07830006448736,52.5912740815547
2025-01-08 09:00:00,dev_3,52.638050404888816,52.66092866213774
2025-01-08 10:00:00,dev_3,52.78650834025687,52.21633985757132
2025-01-08 11:00:00,dev_3,52.11310706586709,52.06815599384146
2025-01-08 12:00:00,dev_3,52.2184405047294,51.920576416347224
2025-01-08 13:00:00,dev_3,51.65772498172077,52.07061320513643
2025-01-08 14:00:00,dev_3,52.388902613457454,52.65077469243098
2025-01-08 15:00:00,dev_3,52.79349997938404,52.52547206572997
2025-01-08 16:00:00,dev_3,52.84121949862791,51.88146871906574
2025-01-08 17:00:00,dev_3,51.62303166700424,51.35735209477156
2025-01-08 18:00:00,dev_3,51.13132367767473,51.46338217931849
2025-01-08 19:00:00,dev_3,51.47520424347466,51.8570482903933
2025-01-08 20:00:00,dev_3,52.081646089336246,52.571173911411776
2025-01-08 21:00:00,dev_3,52.63623099508231,52.28027329167457
2025-01-08 22:00:00,dev_3,51.84022449396159,51.90399193905981
2025-01-08 23:00:00,dev_3,51.99100064736803,52.37625182070371
2025-01-09 00:00:00,dev_3,52.4987582556095,52.08403467672855
2025-01-09 01:00:00,dev_3,51.66959047281838,51.728339188545625
2025-01-09 02:00:00,dev_3,51.66563821513176,51.757898327894765
2025-01-09 03:00:00,dev_3,51.80255941428599,51.67394284708044
2025-01-09 04:00:00,dev_3,51.65217712186262,51.110301226108255
2025-01-09 05:00:00,dev_3,50.72609619416202,50.96967039963799
2025-01-09 06:00:00,dev_3,50.56324713912515,50.61895445205574
2025-01-01 00:00:00,dev_4,43.90835122178637,43.78835925680219
2025-01-01 01:00:00,dev_4,43.58624709659315,43.82269599008536
2025-01-01 02:00:00,dev_4,43.88059873570072,43.818566557833265
2025-01-01 03:00:00,dev_4,43.65756404647131,44.03892479394771
2025-01-01 04:00:00,dev_4,44.14765948230721,44.171655187502964
2025-01-01 05:00:00,dev_4,44.28824606512895,43.95034466224843
2025-01-01 06:00:00,dev_4,43.9394674618308,43.720368285139436
2025-01-01 07:00:00,dev_4,43.50649751991466,43.13992138719151
2025-01-01 08:00:00,dev_4,42.68274937039094,42.94410782310859
2025-01-01 09:00:00,dev_4,42.82811595932435,42.82300264773211
2025-01-01 10:00:00,dev_4,42.65082218569867,41.84408398742559
2025-01-01 11:00:00,dev_4,41.46472442166692,41.05400371666281
2025-01-01 12:00:00,dev_4,41.19686698528221,40.82473661290626
2025-01-01 13:00:00,dev_4,40.746349970654734,41.09753663047819
2025-01-01 14:00:00,dev_4,41.53418876674007,40.93349418932017
2025-01-01 15:00:00,dev_4,40.68279946079341,40.35852875771695
2025-01-01 16:00:00,dev_4,39.96212406092639,40.26782425339923
2025-01-01 17:00:00,dev_4,40.51710888247924,40.972209334432954
2025-01-01 18:00:00,dev_4,41.19549046121122,40.80471655678028
2025-01-01 19:00:00,dev_4,40.8229989918484,40.64708268458381
2025-01-01 20:00:00,dev_4,40.50695608044394,40.73125475983658
2025-01-01 21:00:00,dev_4,40.8150737787206,40.11176365543021
2025-01-01 22:00:00,dev_4,39.65152388024794,39.28200724865398
2025-01-01 23:00:00,dev_4,38.72092703799517,38.664761455503886
2025-01-02 00:00:00,dev_4,38.58056033756981,39.282981850410124
2025-01-02 01:00:00,dev_4,39.355505620634375,39.301259777864814
2025-01-02 02:00:00,dev_4,39.137640576551,39.38354250383647
2025-01-02 03:00:00,dev_4,39.188108972418576,39.551918974276155
2025-01-02 04:00:00,dev_4,39.75500360870058,40.56125821680136
2025-01-02 05:00:00,dev_4,40.80844597533966,40.61760914864584
2025-01-02 06:00:00,dev_4,40.5200217387655,40.68523036372109
2025-01-02 07:00:00,dev_4,40.51160337689879,41.056820830519904
2025-01-02 08:00:00,dev_4,41.42263098757021,40.809478566824666
2025-01-02 09:00:00,dev_4,40.661531349974496,40.980335698251075
2025-01-02 10:00:00,dev_4,41.17532188525141,40.68195773152443
2025-01-02 11:00:00,dev_4,40.66616411907078,40.67874253259875
2025-01-02 12:00:00,dev_4,40.71740030262236,40.61189387800503
2025-01-02 13:00:00,dev_4,40.59609077892222,40.41197107355501
2025-01-02 14:00:00,dev_4,40.1170849785716,39.8319273799447
2025-01-02 15:00:00,dev_4,39.62553401474247,39.61720169085783
2025-01-02 16:00:00,dev_4,39.76374119686935,40.25274666347402
2025-01-02 17:00:00,dev_4,40.261510860950686,40.237802497440356
2025-01-02 18:00:00,dev_4,40.19664275935644,40.281157015922496
2025-01-02 19:00:00,dev_4,40.23169933872304,40.40851876560107
2025-01-02 20:00:00,dev_4,40.517286371868565,40.37098760479356
2025-01-02 21:00:00,dev_4,40.03147698536208,40.285942539587595
2025-01-02 22:00:00,dev_4,40.40132323956855,40.62308600490663
2025-01-02 23:00:00,dev_4,40.81099478809842,41.58050660685681
2025-01-03 00:00:00,dev_4,42.112807937473626,41.999827113476904
2025-01-03 01:00:00,dev_4,41.92475584219383,41.835785229600845
2025-01-03 02:00:00,dev_4,41.69571494135977,41.99064923193594
2025-01-03 03:00:00,dev_4,42.080197877146645,42.32049859709061
2025-01-03 04:00:00,dev_4,42.48974996160271,42.17439111136092
2025-01-03 05:00:00,dev_4,42.22220638491436,42.01707961464419
2025-01-03 06:00:00,dev_4,42.02062504644933,42.0985773507468
2025-01-03 07:00:00,dev_4,42.29119046555835,41.98523775663641
2025-01-03 08:00:00,dev_4,41.87739834519103,41.71892820797913
2025-01-03 09:00:00,dev_4,41.67213135118352,41.839029845506566
2025-01-03 10:00:00,dev_4,41.71692773486773,42.15132210086323
2025-01-03 11:00:00,dev_4,42.21489707727886,42.01784132470096
2025-01-03 12:00:00,dev_4,41.91259776918909,41.30228922648902
2025-01-03 13:00:00,dev_4,40.99140553817375,40.43520346332883
2025-01-03 14:00:00,dev_4,40.03310680441465,39.71689374338769
2025-01-03 15:00:00,dev_4,39.40340027106159,39.04819552620324
2025-01-03 16:00:00,dev_4,38.74681641196161,38.77625396492594
2025-01-03 17:00:00,dev_4,38.669511032651656,38.48633897460041
2025-01-03 18:00:00,dev_4,38.07507095585286,37.89276927676658
2025-01-03 19:00:00,dev_4,37.723693475942255,37.39291718405376
2025-01-03 20:00:00,dev_4,37.336650533451234,37.258119440146196
2025-01-03 21:00:00,dev_4,37.11639660302723,37.68299486291177
2025-01-03 22:00:00,dev_4,37.7776487687888,37.91486263288202
2025-01-03 23:00:00,dev_4,38.108622563504056,38.07630942485346
2025-01-04 00:00:00,dev_4,38.116687271142055,37.90163099887388
2025-01-04 01:00:00,dev_4,37.88617413085164,37.71141754179423
2025-01-04 02:00:00,dev_4,37.669557802540126,37.68521469154861
2025-01-04 03:00:00,dev_4,37.8334310375161,37.79021689643718
2025-01-04 04:00:00,dev_4,38.12551557419225,37.86538375898429
2025-01-04 05:00:00,dev_4,37.671706821141946,37.651717367798
2025-01-04 06:00:00,dev_4,37.68994719894906,37.06471910611792
2025-01-04 07:00:00,dev_4,36.67413741461755,37.056296018812056
2025-01-04 08:00:00,dev_4,36.77999430670285,37.112114351335755
2025-01-04 09:00:00,dev_4,37.16106892768219,37.196669545917054
2025-01-04 10:00:00,dev_4,37.02103461424175,37.698178738375255
2025-01-04 11:00:00,dev_4,37.929298112311805,37.719884102883135
2025-01-04 12:00:00,dev_4,37.48867888859378,37.59127408398515
2025-01-04 13:00:00,dev_4,37.59739909624541,37.650666511019146
2025-01-04 14:00:00,dev_4,37.57948672291244,37.54213725657532
2025-01-04 15:00:00,dev_4,37.52933788919073,37.52412984577905
2025-01-04 16:00:00,dev_4,37.472176805188354,37.57618502530809
2025-01-04 17:00:00,dev_4,37.52572932019309,37.81874660936213
2025-01-04 18:00:00,dev_4,37.94970869192494,38.27680466879513
2025-01-04 19:00:00,dev_4,38.63857681006231,38.65859449683995
2025-01-04 20:00:00,dev_4,38.63745168781024,38.93079830459204
2025-01-04 21:00:00,dev_4,39.04510972389605,38.765001777938146
2025-01-04 22:00:00,dev_4,38.69422625076266,38.93555680488164
2025-01-04 23:00:00,dev_4,39.07720397712578,38.77831503558979
2025-01-05 00:00:00,dev_4,38.69620821521228,39.406180651510645
2025-01-05 01:00:00,dev_4,39.241538183256345,39.927260119820964
2025-01-05 02:00:00,dev_4,40.34685862195297,40.17714062855729
2025-01-05 03:00:00,dev_4,40.28581667796727,39.55035744352977
2025-01-05 04:00:00,dev_4,39.18954493256357,39.163983685212116
2025-01-05 05:00:00,dev_4,38.91550846594116,39.39034204168434
2025-01-05 06:00:00,dev_4,39.53144603308581,39.77998518956545
2025-01-05 07:00:00,dev_4,39.80798442659843,40.11142946799499
2025-01-05 08:00:00,dev_4,39.932441225935946,40.186920150578125
2025-01-05 09:00:00,dev_4,40.436775403913366,40.71419060531636
2025-01-05 10:00:00,dev_4,40.67900212353757,40.974531722086084
2025-01-05 11:00:00,dev_4,41.28786471726314,41.42436763546601
2025-01-05 12:00:00,dev_4,41.74757655558663,42.15764853468145
2025-01-05 13:00:00,dev_4,42.50842678195512,42.448275370149666
2025-01-05 14:00:00,dev_4,42.68782482390824,43.06471559499173
2025-01-05 15:00:00,dev_4,43.14045452465522,43.01593990769679
2025-01-05 16:00:00,dev_4,42.98689098811233,42.85110233688525
2025-01-05 17:00:00,dev_4,42.686160582332825,43.2623885752882
2025-01-05 18:00:00,dev_4,43.53954440254231,43.53202487081776
2025-01-05 19:00:00,dev_4,43.64764674070366,43.99289523292588
2025-01-05 20:00:00,dev_4,44.050087023634845,44.08779331286778
2025-01-05 21:00:00,dev_4,44.111957030840536,43.89933906337752
2025-01-05 22:00:00,dev_4,43.81869920538056,43.93846753809807
2025-01-05 23:00:00,dev_4,43.82419065167176,44.326805247035026
2025-01-06 00:00:00,dev_4,44.54218766055561,44.62573563977936
2025-01-06 01:00:00,dev_4,44.819807697695325,44.30463528865766
2025-01-06 02:00:00,dev_4,43.964071117830095,44.030040846876965
2025-01-06 03:00:00,dev_4,43.85644888954202,44.40762916741229
2025-01-06 04:00:00,dev_4,44.747595785894376,44.62552536710142
2025-01-06 05:00:00,dev_4,44.6406973549694,44.10405563419483
2025-01-06 06:00:00,dev_4,43.74045800910231,44.46133109231403
2025-01-06 07:00:00,dev_4,44.68698245181358,44.89968409070496
2025-01-06 08:00:00,dev_4,45.02817870671998,44.93432078387105
2025-01-06 09:00:00,dev_4,44.993172277313576,44.89801571734441
2025-01-06 10:00:00,dev_4,44.80746340927254,45.03651263942802
2025-01-06 11:00:00,dev_4,45.34863937416841,45.006989395182906
2025-01-06 12:00:00,dev_4,45.077647674055314,45.49351897292744
2025-01-06 13:00:00,dev_4,45.65177588631331,45.823512832111895
2025-01-06 14:00:00,dev_4,45.92287352917543,46.075792792842556
2025-01-06 15:00:00,dev_4,46.04521449191911,46.115509050356735
2025-01-06 16:00:00,dev_4,46.11797189458691,46.092714540135724
2025-01-06 17:00:00,dev_4,46.03048787622982,46.35201997426887
2025-01-06 18:00:00,dev_4,46.55330793633445,46.196818786366684
2025-01-06 19:00:00,dev_4,46.12063652028353,45.76641215989716
2025-01-06 20:00:00,dev_4,45.30967395686843,45.61203746385755
2025-01-06 21:00:00,dev_4,45.61689401831467,45.939215957623794
2025-01-06 22:00:00,dev_4,45.93251318234824,46.1779334807578
2025-01-06 23:00:00,dev_4,46.17263375860412,46.44033404640655
2025-01-07 00:00:00,dev_4,46.37649794341314,46.35870586893549
2025-01-07 01:00:00,dev_4,46.21622775424437,46.71291221688122
2025-01-07 02:00:00,dev_4,46.609969106437134,46.508111494220664
2025-01-07 03:00:00,dev_4,46.58719004305986,46.387048892593846
2025-01-07 04:00:00,dev_4,46.34363326265228,46.35063278923726
2025-01-07 05:00:00,dev_4,46.18768760652457,46.93567530771253
2025-01-07 06:00:00,dev_4,47.19800745591249,46.70796680076825
2025-01-07 07:00:00,dev_4,46.33051941488977,46.50987369336924
2025-01-07 08:00:00,dev_4,46.58041346703767,46.053495888676345
2025-01-07 09:00:00,dev_4,45.74085825322582,45.66197670045724
2025-01-07 10:00:00,dev_4,45.68674158406433,45.549837186251196
2025-01-07 11:00:00,dev_4,45.469927841487234,44.79978634108888
2025-01-07 12:00:00,dev_4,44.427413693147294,44.495025405959474
2025-01-07 13:00:00,dev_4,44.62193248836417,44.56225600275033
2025-01-07 14:00:00,dev_4,44.43191345726808,43.81504220421538
2025-01-07 15:00:00,dev_4,43.38231028598746,43.57144083102607
2025-01-07 16:00:00,dev_4,43.80209433137458,44.35098329389394
2025-01-07 17:00:00,dev_4,44.51959742036905,44.9070685184006
2025-01-07 18:00:00,dev_4,45.264659591517336,45.331644933045524
2025-01-07 19:00:00,dev_4,45.44413781184307,45.51370173256175
2025-01-07 20:00:00,dev_4,45.467166881131625,45.86145333480172
2025-01-07 21:00:00,dev_4,46.13124519157952,46.64245794656338
2025-01-07 22:00:00,dev_4,46.972436984249576,47.2454035298583
2025-01-07 23:00:00,dev_4,47.53922133568739,47.01629063592305
2025-01-08 00:00:00,dev_4,47.06845253457249,47.19911666202598
2025-01-08 01:00:00,dev_4,47.169124961179946,47.26047521259588
2025-01-08 02:00:00,dev_4,47.38888303332566,46.85357485995245
2025-01-08 03:00:00,dev_4,46.48407454886705,46.847002692185136
2025-01-08 04:00:00,dev_4,46.71875487867744,47.39291744911774
2025-01-08 05:00:00,dev_4,47.85525079166713,47.88267540248396
2025-01-08 06:00:00,dev_4,48.17521887456753,48.55652072898376
2025-01-08 07:00:00,dev_4,48.91192541528841,49.04007199112769
2025-01-08 08:00:00,dev_4,49.00338278035276,48.99455954188997
2025-01-08 09:00:00,dev_4,48.96677361836085,49.07235947255983
2025-01-08 10:00:00,dev_4,49.15740931340133,48.90758126532364
2025-01-08 11:00:00,dev_4,48.74949598940912,48.559530488460005
2025-01-08 12:00:00,dev_4,48.267608395791925,48.80247545610755
2025-01-08 13:00:00,dev_4,48.900760674376606,49.40179272918261
2025-01-08 14:00:00,dev_4,49.586931845809865,49.23933807529463
2025-01-08 15:00:00,dev_4,49.09137868801619,49.490655115122244
2025-01-08 16:00:00,dev_4,49.57537809029312,49.43841051916554
2025-01-08 17:00:00,dev_4,49.53189810249011,49.71860503907555
2025-01-08 18:00:00,dev_4,49.70180238973533,49.82463082998255
2025-01-08 19:00:00,dev_4,49.93191170945286,50.2213211030081
2025-01-08 20:00:00,dev_4,50.42908694351502,50.56230116922152
2025-01-08 21:00:00,dev_4,50.47044604444662,50.97513219566581
2025-01-08 22:00:00,dev_4,51.17552704209759,51.3947260436899
2025-01-08 23:00:00,dev_4,51.33023346197754,51.62165625470177
2025-01-09 00:00:00,dev_4,51.64232559821231,51.29244528044524
2025-01-09 01:00:00,dev_4,51.225694302443685,51.90885066129145
2025-01-09 02:00:00,dev_4,52.3050238077961,52.52877291469733
2025-01-09 03:00:00,dev_4,52.53993626939859,52.71492835345054
2025-01-09 04:00:00,dev_4,52.89643498207114,52.240030305287135
2025-01-09 05:00:00,dev_4,52.09234207646537,51.80193807741408
2025-01-09 06:00:00,dev_4,51.68099106492582,52.07351254704217
2025-01-01 00:00:00,dev_5,39.94209824501412,40.16996103952055
2025-01-01 01:00:00,dev_5,40.47137465308502,40.77169392646651
2025-01-01 02:00:00,dev_5,39.82048478437827,39.987294386941954
2025-01-01 03:00:00,dev_5,39.717261905173,40.1633048541425
2025-01-01 04:00:00,dev_5,40.22964027204839,40.2771068230039
2025-01-01 05:00:00,dev_5,40.02050607686648,40.32697726894215
2025-01-01 06:00:00,dev_5,39.73367123143727,40.32861866316673
2025-01-01 07:00:00,dev_5,40.31541913859051,40.267644133897136
2025-01-01 08:00:00,dev_5,40.16231809910474,40.09898217407368
2025-01-01 09:00:00,dev_5,40.71456561170752,40.90659118851681
2025-01-01 10:00:00,dev_5,40.92904830727112,40.914714407340036
2025-01-01 11:00:00,dev_5,40.7576259808162,40.93625716762615
2025-01-01 12:00:00,dev_5,40.99747124611496,40.68716850211391
2025-01-01 13:00:00,dev_5,41.157696003037984,40.73840490856683
2025-01-01 14:00:00,dev_5,41.66813741353922,41.8045386392596
2025-01-01 15:00:00,dev_5,41.39396464460671,40.64756880342695
2025-01-01 16:00:00,dev_5,41.414567677997525,40.89740591039921
2025-01-01 17:00:00,dev_5,41.383809838195205,40.903840687449595
2025-01-01 18:00:00,dev_5,41.73588390901509,41.914175850478884
2025-01-01 19:00:00,dev_5,41.223294311793005,40.52594309030696
2025-01-01 20:00:00,dev_5,41.731782835911936,41.88512719101748
2025-01-01 21:00:00,dev_5,41.96494722199714,41.79665743621477
2025-01-01 22:00:00,dev_5,41.30648468518067,40.65687921788461
2025-01-01 23:00:00,dev_5,41.91061609792092,41.896091866117914
2025-01-02 00:00:00,dev_5,43.02766263831979,42.85842332859536
2025-01-02 01:00:00,dev_5,43.52857962309449,43.37026452284818
2025-01-02 02:00:00,dev_5,44.24207200670772,43.98521942108317
2025-01-02 03:00:00,dev_5,44.28475769750902,43.95433498715073
2025-01-02 04:00:00,dev_5,43.45400523763976,43.16382090605784
2025-01-02 05:00:00,dev_5,42.531945012056,42.26547995515634
2025-01-02 06:00:00,dev_5,42.65948603398988,42.23967317699931
2025-01-02 07:00:00,dev_5,42.36349663012489,41.889957225082256
2025-01-02 08:00:00,dev_5,41.90620849096121,41.64390783571713
2025-01-02 09:00:00,dev_5,41.87483514897688,41.8068604117521
2025-01-02 10:00:00,dev_5,42.182627792907525,41.843114825338425
2025-01-02 11:00:00,dev_5,41.456249019526446,41.01148522700505
2025-01-02 12:00:00,dev_5,41.23181020938625,40.86722549231543
2025-01-02 13:00:00,dev_5,41.98674555094641,41.99112175574315
2025-01-02 14:00:00,dev_5,41.449101360835726,40.83484417194772
2025-01-02 15:00:00,dev_5,41.8839819544182,41.89152716419825
2025-01-02 16:00:00,dev_5,41.64161657364371,41.583040664199125
2025-01-02 17:00:00,dev_5,41.91451345356868,41.87913118463851
2025-01-02 18:00:00,dev_5,42.46317720717012,41.80980652968533
2025-01-02 19:00:00,dev_5,42.83381809066263,43.07999120382442
2025-01-02 20:00:00,dev_5,43.28839789176956,43.262627410940794
2025-01-02 21:00:00,dev_5,42.71260112506559,43.13439534637062
2025-01-02 22:00:00,dev_5,43.26943097843624,43.32150322033051
2025-01-02 23:00:00,dev_5,42.84308442111883,43.14471073595125
2025-01-03 00:00:00,dev_5,42.9728553039046,42.75769899937103
2025-01-03 01:00:00,dev_5,43.10197839740321,42.81419846055795
2025-01-03 02:00:00,dev_5,43.344539676838,43.06223966517039
2025-01-03 03:00:00,dev_5,43.513018014868095,43.18448930092673
2025-01-03 04:00:00,dev_5,43.091113025605736,42.87209661349777
2025-01-03 05:00:00,dev_5,42.41617931945788,42.08579454628301
2025-01-03 06:00:00,dev_5,42.85235365943876,42.74064497345353
2025-01-03 07:00:00,dev_5,42.94527094819822,42.7355055463851
2025-01-03 08:00:00,dev_5,43.51995936867713,43.03717856398414
2025-01-03 09:00:00,dev_5,43.49759290158319,43.15907534172973
2025-01-03 10:00:00,dev_5,42.79501072124472,42.859083864331105
2025-01-03 11:00:00,dev_5,43.27807556174677,43.05609997895115
2025-01-03 12:00:00,dev_5,43.09289025691621,42.827842901501214
2025-01-03 13:00:00,dev_5,43.26389198562672,43.10400074167187
2025-01-03 14:00:00,dev_5,42.94016227138696,42.83303845457775
2025-01-03 15:00:00,dev_5,43.762313126503805,43.85228122305076
2025-01-03 16:00:00,dev_5,43.32403071441221,43.254789040308594
2025-01-03 17:00:00,dev_5,43.155315837359126,43.14761898760448
2025-01-03 18:00:00,dev_5,43.20904018870778,43.16905726994407
2025-01-03 19:00:00,dev_5,42.6629490251643,42.001770002028664
2025-01-03 20:00:00,dev_5,42.8282087894581,43.04936518855194
2025-01-03 21:00:00,dev_5,43.63416402819185,43.79922368685688
2025-01-03 22:00:00,dev_5,43.38893294784499,43.455288414579364
2025-01-03 23:00:00,dev_5,43.58650435736085,44.034310784775336
2025-01-04 00:00:00,dev_5,42.21178666434157,42.16657792864515
2025-01-04 01:00:00,dev_5,42.19232206409915,42.003990484499
2025-01-04 02:00:00,dev_5,42.03580092113605,42.046180759567605
2025-01-04 03:00:00,dev_5,41.62655211993086,41.98866706287074
2025-01-04 04:00:00,dev_5,42.16727735474512,42.2087273854946
2025-01-04 05:00:00,dev_5,42.00415551393321,42.01315066543198
2025-01-04 06:00:00,dev_5,41.915416770386415,42.03402121999483
2025-01-04 07:00:00,dev_5,41.72682033299188,42.01165771178139
2025-01-04 08:00:00,dev_5,40.768412397109344,40.699734880422454
2025-01-04 09:00:00,dev_5,40.20241917707087,39.81409181359016
2025-01-04 10:00:00,dev_5,40.68296592013097,40.686814367672945
2025-01-04 11:00:00,dev_5,39.627990596690985,39.52378427252184
2025-01-04 12:00:00,dev_5,39.24483292188313,39.252821341368666
2025-01-04 13:00:00,dev_5,39.04497289373825,39.02642302732028
2025-01-04 14:00:00,dev_5,39.91678382738403,40.19729992753377
2025-01-04 15:00:00,dev_5,40.30108571013222,40.01764740839058
2025-01-04 16:00:00,dev_5,40.02250044660567,40.129115331460596
2025-01-04 17:00:00,dev_5,40.674757295163445,40.719300071127286
2025-01-04 18:00:00,dev_5,40.30449938491288,39.96671521652449
2025-01-04 19:00:00,dev_5,40.80904928677989,40.604872145620696
2025-01-04 20:00:00,dev_5,40.129610663818376,39.91128691513109
2025-01-04 21:00:00,dev_5,40.66623957971296,40.54986023535093
2025-01-04 22:00:00,dev_5,40.46317275697746,40.604278506325585
2025-01-04 23:00:00,dev_5,39.94892063650683,40.661918643271875
2025-01-05 00:00:00,dev_5,39.84034882996867,39.93030490011532
2025-01-05 01:00:00,dev_5,39.97902091982878,40.00099598696588
2025-01-05 02:00:00,dev_5,39.731646704565925,39.98074106727343
2025-01-05 03:00:00,dev_5,40.00862345756359,39.98333036969321
2025-01-05 04:00:00,dev_5,39.71712651573155,40.129742575428935
2025-01-05 05:00:00,dev_5,40.02731271269723,40.15823054678933
2025-01-05 06:00:00,dev_5,40.24842374371553,40.13296691115015
2025-01-05 07:00:00,dev_5,40.21796221636156,40.087172099840416
2025-01-05 08:00:00,dev_5,39.99727106017859,40.157947968187734
2025-01-05 09:00:00,dev_5,40.07304145806122,40.16032913755855
2025-01-05 10:00:00,dev_5,40.34816832957807,40.31228735562866
2025-01-05 11:00:00,dev_5,41.37906790594388,41.34316324967186
2025-01-05 12:00:00,dev_5,41.848778116842965,42.11016415329608
2025-01-05 13:00:00,dev_5,42.336773091750885,42.002608780930395
2025-01-05 14:00:00,dev_5,43.88102918918103,43.74783524649592
2025-01-05 15:00:00,dev_5,44.13900842756495,44.03592884879293
2025-01-05 16:00:00,dev_5,44.3813301832208,44.01795705943821
2025-01-05 17:00:00,dev_5,44.73333772038163,44.69764153188913
2025-01-05 18:00:00,dev_5,44.228854731587504,43.98031400041568
2025-01-05 19:00:00,dev_5,44.006903913378125,43.99331984441087
2025-01-05 20:00:00,dev_5,43.75381928003196,44.19681172146088
2025-01-05 21:00:00,dev_5,44.07762626864174,44.14464803470801
2025-01-05 22:00:00,dev_5,43.99053898753114,43.891904315238065
2025-01-05 23:00:00,dev_5,44.05965070026829,44.1201488207846
2025-01-06 00:00:00,dev_5,44.60337801034253,44.441490527648796
2025-01-06 01:00:00,dev_5,45.03495337969459,44.63580693092441
2025-01-06 02:00:00,dev_5,44.95409287817397,44.63964400686167
2025-01-06 03:00:00,dev_5,44.61909532973486,44.30039777589685
2025-01-06 04:00:00,dev_5,45.18673269556145,45.0050872394398
2025-01-06 05:00:00,dev_5,45.57367828601639,45.624255810640726
2025-01-06 06:00:00,dev_5,44.77054987686869,44.7511920630521
2025-01-06 07:00:00,dev_5,44.61397290741456,44.55487192329222
2025-01-06 08:00:00,dev_5,44.696730638422935,44.681552699170496
2025-01-06 09:00:00,dev_5,45.08614549698345,45.03136295847682
2025-01-06 10:00:00,dev_5,45.54119624445334,45.19119851919544
2025-01-06 11:00:00,dev_5,45.68314924504107,45.49578295811475
2025-01-06 12:00:00,dev_5,45.9757730107205,46.04810569895924
2025-01-06 13:00:00,dev_5,46.00784141190958,46.083438349738245
2025-01-06 14:00:00,dev_5,45.6709155678193,45.901368176396254
2025-01-06 15:00:00,dev_5,45.540283372298674,45.59446341311034
2025-01-06 16:00:00,dev_5,45.54977896561873,45.807327583812004
2025-01-06 17:00:00,dev_5,45.53243934060943,45.689293309206256
2025-01-06 18:00:00,dev_5,44.58965288838769,44.72805657522434
2025-01-06 19:00:00,dev_5,44.39091122092298,44.227654709582865
2025-01-06 20:00:00,dev_5,44.41901404746756,44.25016819413109
2025-01-06 21:00:00,dev_5,44.2783290515147,44.23885459194255
2025-01-06 22:00:00,dev_5,44.15491715375891,44.2447329734628
2025-01-06 23:00:00,dev_5,44.398912839161206,44.40514207288013
2025-01-07 00:00:00,dev_5,43.85943424563689,44.046183179768484
2025-01-07 01:00:00,dev_5,43.04541313866128,43.07313180358731
2025-01-07 02:00:00,dev_5,42.87132824324294,42.979772724638345
2025-01-07 03:00:00,dev_5,43.25338544599384,43.030386832924485
2025-01-07 04:00:00,dev_5,44.09716196573716,44.123422727434935
2025-01-07 05:00:00,dev_5,44.48822608528453,44.389266678328255
2025-01-07 06:00:00,dev_5,43.75409420535011,44.066942177823236
2025-01-07 07:00:00,dev_5,43.63791058566172,44.297875017854174
2025-01-07 08:00:00,dev_5,43.76622777620248,44.27658462423165
2025-01-07 09:00:00,dev_5,43.85502333466428,44.1895631659736
2025-01-07 10:00:00,dev_5,44.124675611135714,44.21314262013913
2025-01-07 11:00:00,dev_5,43.66615113790534,44.0967881626297
2025-01-07 12:00:00,dev_5,43.69862268168071,44.212492215757976
2025-01-07 13:00:00,dev_5,43.90878409656877,44.15769160089521
2025-01-07 14:00:00,dev_5,44.3216195732206,44.17518066621572
2025-01-07 15:00:00,dev_5,43.918760489914206,43.880537339981075
2025-01-07 16:00:00,dev_5,43.74618205629276,44.21018620036099
2025-01-07 17:00:00,dev_5,42.39427321625609,41.77671123944933
2025-01-07 18:00:00,dev_5,42.0835422324672,41.55922450578194
2025-01-07 19:00:00,dev_5,41.82133478598168,41.61742117133774
2025-01-07 20:00:00,dev_5,41.31154253189796,40.741459639329896
2025-01-07 21:00:00,dev_5,41.39434860701429,40.73546007667982
2025-01-07 22:00:00,dev_5,41.36637589099165,40.75110582749962
2025-01-07 23:00:00,dev_5,40.23676895220285,40.63870637806613
2025-01-08 00:00:00,dev_5,40.34452293685372,40.21438207450367
2025-01-08 01:00:00,dev_5,39.88036087145921,39.98744264330346
2025-01-08 02:00:00,dev_5,40.12320535105447,40.12332885190962
2025-01-08 03:00:00,dev_5,39.48227972719013,39.63699751544666
2025-01-08 04:00:00,dev_5,39.4972829964556,39.609490197656555
2025-01-08 05:00:00,dev_5,39.35570133201235,39.463123408872136
2025-01-08 06:00:00,dev_5,39.50725227448751,39.67544101627369
2025-01-08 07:00:00,dev_5,39.56960091331319,39.76682393396832
2025-01-08 08:00:00,dev_5,39.442018825802464,39.46787235185355
2025-01-08 09:00:00,dev_5,38.67388266878034,39.210514066406404
2025-01-08 10:00:00,dev_5,37.93527868704982,37.742812172292126
2025-01-08 11:00:00,dev_5,37.64333521750371,37.48015812119737
2025-01-08 12:00:00,dev_5,37.63919527553893,37.4071596720454
2025-01-08 13:00:00,dev_5,37.335071301939365,37.430880909220726
2025-01-08 14:00:00,dev_5,37.64767726722909,37.67288697594811
2025-01-08 15:00:00,dev_5,37.50806680762325,37.542283531231945
2025-01-08 16:00:00,dev_5,37.025560445233495,37.551554833598146
2025-01-08 17:00:00,dev_5,36.88651229873955,37.51751386625547
2025-01-08 18:00:00,dev_5,36.99944221689782,37.40598208423362
2025-01-08 19:00:00,dev_5,37.16188457631012,37.637135045787225
2025-01-08 20:00:00,dev_5,38.10107414230668,38.11936455559858
2025-01-08 21:00:00,dev_5,37.76661947230497,37.73545083771766
2025-01-08 22:00:00,dev_5,37.72988014150977,37.607627929317275
2025-01-08 23:00:00,dev_5,37.94294211491948,37.99987187265461
2025-01-09 00:00:00,dev_5,37.93123063531907,37.8215568624014
2025-01-09 01:00:00,dev_5,37.68092156232474,37.60890245074622
2025-01-09 02:00:00,dev_5,36.90629297415262,37.40311305237975
2025-01-09 03:00:00,dev_5,36.65087569462612,37.166238784986916
2025-01-09 04:00:00,dev_5,36.11402448826721,37.14877044933067
2025-01-09 05:00:00,dev_5,35.25072114770533,37.13823608202254
2025-01-09 06:00:00,dev_5,34.85288172687003,37.07751902067224
