ts,device_id,power_kW,water_lpm,network_mbps,fault
2025-01-01T00:00:00,dev_1,24.480007946879752,6.407481861313717,10.393552193313914,0
2025-01-01T01:00:00,dev_1,24.85523354478298,5.0905849069017455,11.641056950834837,0
2025-01-01T02:00:00,dev_1,25.325515902978587,5.643938793276858,9.212517655550856,0
2025-01-01T03:00:00,dev_1,24.34999830865167,2.9498278989689775,11.042334511464226,0
2025-01-01T04:00:00,dev_1,23.69890855522051,4.951281598069882,9.468322416169242,0
2025-01-01T05:00:00,dev_1,23.762828756804154,4.156769729707129,9.76491566534374,0
2025-01-01T06:00:00,dev_1,23.604707460632362,3.781186939576372,11.659038084048145,0
2025-01-01T07:00:00,dev_1,23.596306881880217,4.1218476330712495,6.013879257891688,0
2025-01-01T08:00:00,dev_1,23.169784918093427,4.665876559299188,7.4070553438504785,0
2025-01-01T09:00:00,dev_1,23.60948390552484,5.915902542356013,7.0356292051143585,0
2025-01-01T10:00:00,dev_1,23.998379873239315,3.673607282260436,5.3327677603033905,0
2025-01-01T11:00:00,dev_1,24.031395222019924,5.030631492594417,8.643471119689647,0
2025-01-01T12:00:00,dev_1,24.59501582550394,4.515830566666422,11.49886779945548,0
2025-01-01T13:00:00,dev_1,24.828770496629964,4.672326905638039,9.43023186723485,0
2025-01-01T14:00:00,dev_1,24.399124265188345,6.002757825304604,10.395580163883704,0
2025-01-01T15:00:00,dev_1,24.583499657229595,5.538115437003926,12.178434993421586,0
2025-01-01T16:00:00,dev_1,24.104058356815095,6.337398107442744,12.655372264535384,0
2025-01-01T17:00:00,dev_1,24.54328350746873,4.8454943207501,9.86172413054772,0
2025-01-01T18:00:00,dev_1,24.518320551975606,4.304057388329297,12.707171779138795,0
2025-01-01T19:00:00,dev_1,24.425889370202974,4.776141183119501,10.184253316868219,0
2025-01-01T20:00:00,dev_1,24.085424598001005,5.242496791271222,8.325203552345076,1
2025-01-01T21:00:00,dev_1,24.69669526733802,5.176573358453711,8.81119929560253,0
2025-01-01T22:00:00,dev_1,24.619430526303617,3.9156119277666335,7.038926974869968,0
2025-01-01T23:00:00,dev_1,24.405266615222065,5.090489781627874,8.223732292532695,0
2025-01-02T00:00:00,dev_1,24.229199839977948,5.228228330138905,9.283966623851141,0
2025-01-02T01:00:00,dev_1,24.495354432754624,7.517474037533921,11.607170038757204,0
2025-01-02T02:00:00,dev_1,24.678076464936662,6.87684461128167,13.441539662331968,0
2025-01-02T03:00:00,dev_1,24.88444277073466,4.14675664944118,7.23563696924592,0
2025-01-02T04:00:00,dev_1,25.099853272238597,4.7126166384508235,10.785654936519839,0
2025-01-02T05:00:00,dev_1,26.17067707267383,3.536557998162997,7.918912121684931,0
2025-01-02T06:00:00,dev_1,25.967469564481522,4.4092929860365135,10.949394176926404,0
2025-01-02T07:00:00,dev_1,25.711348199945753,5.31560500359034,9.737826698624547,0
2025-01-02T08:00:00,dev_1,25.30446183582181,6.205853620888234,6.338188348304939,0
2025-01-02T09:00:00,dev_1,25.61245154710956,4.270916162256391,11.85659398313697,0
2025-01-02T10:00:00,dev_1,26.176937693470006,4.345853559932204,8.789998574382539,0
2025-01-02T11:00:00,dev_1,26.11996396464257,2.852710970261345,8.93219952325289,0
2025-01-02T12:00:00,dev_1,25.699885726161305,4.8373340794550925,7.860495177420621,0
2025-01-02T13:00:00,dev_1,25.287645118315687,3.937585588140437,8.691433446624888,0
2025-01-02T14:00:00,dev_1,25.612941512228037,4.470560572633926,10.855780881389835,0
2025-01-02T15:00:00,dev_1,25.984568597829757,4.123139221832412,9.621511318127189,0
2025-01-02T16:00:00,dev_1,26.256145731982354,4.905737445747443,10.657324004564963,0
2025-01-02T17:00:00,dev_1,25.923390878338008,3.2422716086433687,10.723843707857688,0
2025-01-02T18:00:00,dev_1,26.039471539871368,3.532954754609009,12.641323311056334,0
2025-01-02T19:00:00,dev_1,26.09781444444173,7.129247112028298,9.314427698271242,0
2025-01-02T20:00:00,dev_1,26.20715874280624,3.712577418725969,7.046284366308536,0
2025-01-02T21:00:00,dev_1,26.642873131780334,3.9032144215453606,12.134444833143966,0
2025-01-02T22:00:00,dev_1,26.754670906167675,6.836913528321314,9.33702365580549,0
2025-01-02T23:00:00,dev_1,27.094127687703622,7.905067169240407,12.229184889154753,0
2025-01-03T00:00:00,dev_1,27.12791722244807,3.8284333711746585,10.766754226364942,0
2025-01-03T01:00:00,dev_1,27.27247692179306,4.6317510432119695,9.73772493959331,0
2025-01-03T02:00:00,dev_1,27.58812103471233,5.34155555094051,10.697551788092591,0
2025-01-03T03:00:00,dev_1,26.859543124784498,6.728697644405592,13.902025120252599,0
2025-01-03T04:00:00,dev_1,26.699707516605848,4.013142921571762,14.153961058107505,0
2025-01-03T05:00:00,dev_1,26.464521189459447,4.75472215405789,10.138762270265557,0
2025-01-03T06:00:00,dev_1,26.145082265337777,5.777337576061744,10.320381186634151,0
2025-01-03T07:00:00,dev_1,26.007511139724436,5.434766074466618,12.15248031493277,0
2025-01-03T08:00:00,dev_1,26.754981795341635,4.623843928769901,8.308677934465306,1
2025-01-03T09:00:00,dev_1,26.32206623749501,4.866177035483959,10.666140745236511,0
2025-01-03T10:00:00,dev_1,26.806205414790753,3.625104191630018,9.948274304092287,0
2025-01-03T11:00:00,dev_1,25.96477052898285,4.761826256025334,10.627816422915107,0
2025-01-03T12:00:00,dev_1,25.79732801398996,4.733612509991045,8.333262388101188,0
2025-01-03T13:00:00,dev_1,25.878704546542465,5.232169889626256,6.820865013382062,0
2025-01-03T14:00:00,dev_1,26.171815712222106,4.444672781180984,5.8540331280174165,0
2025-01-03T15:00:00,dev_1,26.52742900211853,5.471538522545139,7.765231774020784,0
2025-01-03T16:00:00,dev_1,26.924102619718496,6.012715817819829,9.082649430121334,0
2025-01-03T17:00:00,dev_1,26.749740083594276,5.155429327668466,9.413616826702476,0
2025-01-03T18:00:00,dev_1,26.518564187261994,5.351756408399203,13.874462324859033,0
2025-01-03T19:00:00,dev_1,26.947552127890567,5.053155347577867,12.211986739814597,0
2025-01-03T20:00:00,dev_1,26.85189996544976,5.000084393091414,8.075817767316746,0
2025-01-03T21:00:00,dev_1,26.2140568037808,4.2784419664571525,10.695416904901913,0
2025-01-03T22:00:00,dev_1,25.64741319677906,5.316494261673308,9.18584352729935,0
2025-01-03T23:00:00,dev_1,25.187687053778255,4.90271340158651,9.43127232391981,0
2025-01-04T00:00:00,dev_1,25.436267425805138,7.093168308930595,10.370651298830763,0
2025-01-04T01:00:00,dev_1,25.50748029384042,6.573354902475242,11.238342233950787,0
2025-01-04T02:00:00,dev_1,25.852722970874304,5.385846552556501,9.321483032231969,0
2025-01-04T03:00:00,dev_1,25.639096647706037,4.236942790305233,12.127703065468717,0
2025-01-04T04:00:00,dev_1,25.718366493244393,3.887588528016582,7.716123547715192,0
2025-01-04T05:00:00,dev_1,26.03116169022806,6.191142953088865,10.012678124724538,0
2025-01-04T06:00:00,dev_1,25.87648842036794,5.262749225147139,15.195347453191665,0
2025-01-04T07:00:00,dev_1,26.10487603914665,5.480143403391611,10.44615948525055,0
2025-01-04T08:00:00,dev_1,25.77391306861332,3.255414013025807,12.866429013212345,0
2025-01-04T09:00:00,dev_1,25.59238614533079,5.92743848155818,10.183040356346416,0
2025-01-04T10:00:00,dev_1,25.40151719833162,5.454420338214363,11.161554190659594,0
2025-01-04T11:00:00,dev_1,24.8035973755371,3.889569315585522,9.886433611214617,0
2025-01-04T12:00:00,dev_1,25.047083615929893,4.528475192550051,9.65918483767159,0
2025-01-04T13:00:00,dev_1,24.812382445828533,5.26371720435652,8.441035206549161,0
2025-01-04T14:00:00,dev_1,24.818629505192376,5.052466798356243,10.860602717915107,0
2025-01-04T15:00:00,dev_1,25.05900283464533,4.707828814196445,8.296925621628464,0
2025-01-04T16:00:00,dev_1,25.2822684226603,4.896511731934039,11.331170472626859,0
2025-01-04T17:00:00,dev_1,25.614960977146694,4.7480226217931145,12.170574008891819,0
2025-01-04T18:00:00,dev_1,25.565718234891982,5.1525625121024685,10.73306281447446,0
2025-01-04T19:00:00,dev_1,25.354069078869905,6.471491972993157,9.427502532888616,0
2025-01-04T20:00:00,dev_1,25.314209973416705,2.4333415590687024,10.907931158617393,0
2025-01-04T21:00:00,dev_1,24.47054275643769,4.763149735490316,9.382653888907175,0
2025-01-04T22:00:00,dev_1,23.746986520226148,5.176512421372447,11.871094250930298,0
2025-01-04T23:00:00,dev_1,23.085636714048945,5.2959939896871,6.337187831569753,0
2025-01-05T00:00:00,dev_1,22.587013300248206,4.62808541867871,9.328785263762708,0
2025-01-05T01:00:00,dev_1,22.786900413609924,3.2432782175214174,6.0183760097520045,0
2025-01-05T02:00:00,dev_1,22.334160885929894,5.327995483714109,7.00987833954559,0
2025-01-05T03:00:00,dev_1,22.145079608910198,6.7273502141641845,12.727724459627819,0
2025-01-05T04:00:00,dev_1,22.79469375780323,3.466138595083862,11.790369963943371,0
2025-01-05T05:00:00,dev_1,22.61656177227252,5.863828013698188,8.561039533430419,0
2025-01-05T06:00:00,dev_1,22.985319556506063,4.6714747768771065,6.994993087918206,0
2025-01-05T07:00:00,dev_1,22.518510716501122,4.938675654171153,4.070942324316698,0
2025-01-05T08:00:00,dev_1,22.41579193756731,3.9471014892960508,8.91300898413473,0
2025-01-05T09:00:00,dev_1,21.940780910112018,4.6655438276441235,14.840830024494805,0
2025-01-05T10:00:00,dev_1,21.77126437216174,6.300044594698958,10.869768542927295,0
2025-01-05T11:00:00,dev_1,22.191418440890434,5.582655241987707,8.880855427901022,0
2025-01-05T12:00:00,dev_1,21.32775822929426,6.732311605409944,10.930160419000613,0
2025-01-05T13:00:00,dev_1,21.54497005106719,6.177411888977693,6.878083294011114,0
2025-01-05T14:00:00,dev_1,21.66383785223333,5.439086678929576,9.40535327460473,0
2025-01-05T15:00:00,dev_1,21.366762874384932,6.743934526167792,10.198954946031478,0
2025-01-05T16:00:00,dev_1,20.643733947190704,5.438993158738299,9.827798696357902,0
2025-01-05T17:00:00,dev_1,20.679798701047638,5.827988176797059,11.58161224338016,0
2025-01-05T18:00:00,dev_1,20.415052346515736,4.703429046465292,10.689290452472104,1
2025-01-05T19:00:00,dev_1,20.531390452193087,5.066545815859205,11.336652036215995,0
2025-01-05T20:00:00,dev_1,20.54231652495481,4.3025761766997235,8.623255435538482,0
2025-01-05T21:00:00,dev_1,21.343205970615266,5.989583934594853,11.795630816821095,1
2025-01-05T22:00:00,dev_1,21.223528156878753,3.8216963768851344,13.257873895247982,0
2025-01-05T23:00:00,dev_1,20.71177941056782,5.782350342417661,8.059700960697175,0
2025-01-06T00:00:00,dev_1,20.80141722804598,4.80934894249484,8.22460868857088,0
2025-01-06T01:00:00,dev_1,20.911415570031863,6.171247093467319,12.671568672640465,0
2025-01-06T02:00:00,dev_1,21.59100935765208,5.75086898873126,9.617312026609879,0
2025-01-06T03:00:00,dev_1,22.00856498060937,6.820646157646801,12.807642784133114,0
2025-01-06T04:00:00,dev_1,22.187000510184124,5.730774691138645,9.114928576215632,0
2025-01-06T05:00:00,dev_1,22.918651955793905,3.4279597443467593,12.910091152541423,0
2025-01-06T06:00:00,dev_1,22.32427042863248,4.9330468271017995,10.262971633610904,0
2025-01-06T07:00:00,dev_1,22.004394662257607,3.827992807405184,10.51645764664539,0
2025-01-06T08:00:00,dev_1,21.541106691554845,4.481720157633726,13.129436043339808,0
2025-01-06T09:00:00,dev_1,21.34620178997696,6.511228433276722,9.276459045111658,0
2025-01-06T10:00:00,dev_1,20.657858716198803,5.637533810897696,8.117755808150083,0
2025-01-06T11:00:00,dev_1,20.975434189606005,4.3010695714212535,9.10287158394329,0
2025-01-06T12:00:00,dev_1,20.86432284105662,3.9862826335596013,10.904667901286277,0
2025-01-06T13:00:00,dev_1,20.12891969380529,5.0327820928762605,6.868481855638971,0
2025-01-06T14:00:00,dev_1,19.62113015320152,3.7834398506188722,11.274941805302243,0
2025-01-06T15:00:00,dev_1,19.777887076926618,4.3288597226034184,8.922457364764513,0
2025-01-06T16:00:00,dev_1,20.196950360873807,5.312009471551244,12.295625321467128,0
2025-01-06T17:00:00,dev_1,21.1953158067197,6.155312036106697,5.211479390199057,0
2025-01-06T18:00:00,dev_1,22.652247039723367,5.608761472224439,8.426868449791662,0
2025-01-06T19:00:00,dev_1,22.859451756361363,2.7087104914019,6.627063697531796,1
2025-01-06T20:00:00,dev_1,22.364682696345433,5.30436672903026,8.347541067272095,0
2025-01-06T21:00:00,dev_1,21.298659555979775,5.072033573232578,10.495331802217887,0
2025-01-06T22:00:00,dev_1,21.432515287151695,5.413890285372693,9.64154674910049,0
2025-01-06T23:00:00,dev_1,21.02604473949653,6.616209681651207,9.49324486210397,0
2025-01-07T00:00:00,dev_1,20.81836610940669,2.936761723195257,9.681630257239878,0
2025-01-07T01:00:00,dev_1,20.512317709876786,4.408896574808894,10.406776481239888,0
2025-01-07T02:00:00,dev_1,20.44192226666859,5.590906322793355,7.982927916113784,0
2025-01-07T03:00:00,dev_1,20.974912382062413,3.4184056005460577,11.413699281798102,0
2025-01-07T04:00:00,dev_1,21.053436665785085,6.475949048053509,11.325331940770967,1
2025-01-07T05:00:00,dev_1,20.97411924726574,5.368356612700659,10.770075875312202,0
2025-01-07T06:00:00,dev_1,20.456292370852836,5.846583985843404,11.113066885502526,0
2025-01-07T07:00:00,dev_1,19.618950898500657,4.429056338478206,10.59283600161732,0
2025-01-07T08:00:00,dev_1,19.37579694396399,5.81376368996621,14.070146605462135,0
2025-01-07T09:00:00,dev_1,19.34890566855483,6.0684715559890385,9.825811657894981,0
2025-01-07T10:00:00,dev_1,20.232870625344773,5.232878020137169,9.385833563330847,0
2025-01-07T11:00:00,dev_1,20.298007886081216,5.234400892698696,8.492944839285244,0
2025-01-07T12:00:00,dev_1,20.789377641592747,5.2703432392817255,7.935474658844326,0
2025-01-07T13:00:00,dev_1,20.53972984232317,4.136654735260619,7.511056424797849,0
2025-01-07T14:00:00,dev_1,19.94725795911466,4.852471319759647,8.222405373538162,0
2025-01-07T15:00:00,dev_1,19.464699577998474,4.847477467547641,9.858639236695858,0
2025-01-07T16:00:00,dev_1,19.102086545730593,5.383393864353495,10.66859025699543,0
2025-01-07T17:00:00,dev_1,20.166321411948175,5.999824246910294,10.102284117104324,0
2025-01-07T18:00:00,dev_1,19.755628072335984,3.941463918021591,8.468929445140574,0
2025-01-07T19:00:00,dev_1,20.174872674204156,4.874990969680423,11.800369128039927,0
2025-01-07T20:00:00,dev_1,19.723409085160643,6.481455547658973,11.478825344601894,0
2025-01-07T21:00:00,dev_1,20.189195591597766,4.256411771187436,9.680703385155965,0
2025-01-07T22:00:00,dev_1,20.381671074650697,4.177749982709679,8.694167710670577,0
2025-01-07T23:00:00,dev_1,20.303352125821654,5.202306191831194,11.096855841659599,0
2025-01-08T00:00:00,dev_1,20.282970862753935,5.84438519048532,10.37594717497221,0
2025-01-08T01:00:00,dev_1,19.95557701503924,5.011426055560659,7.103745481169905,0
2025-01-08T02:00:00,dev_1,20.17861311578028,6.328960590436989,9.86403948803119,1
2025-01-08T03:00:00,dev_1,19.95112137560989,5.8567939825665265,10.524071624148762,0
2025-01-08T04:00:00,dev_1,19.338318493726266,5.841820066890062,8.200610427024493,0
2025-01-08T05:00:00,dev_1,18.699349706566455,5.554116501324093,10.379686785674886,0
2025-01-08T06:00:00,dev_1,18.785643665427514,7.327653100346085,7.090355029484422,0
2025-01-08T07:00:00,dev_1,19.575189293632732,4.794838311133955,12.672372200024341,0
2025-01-08T08:00:00,dev_1,19.65518510041945,2.996477707933486,12.495899970118863,0
2025-01-08T09:00:00,dev_1,19.59586593736451,6.604254361517141,9.49496533139407,0
2025-01-08T10:00:00,dev_1,19.738779007165782,4.542300569043174,10.726908675678146,0
2025-01-08T11:00:00,dev_1,20.391779878019193,5.107880444343033,5.18015606840025,0
2025-01-08T12:00:00,dev_1,20.501471128701123,6.309550684860527,7.687304679469334,0
2025-01-08T13:00:00,dev_1,20.296007513284255,3.3977404589410747,9.41244215969574,0
2025-01-08T14:00:00,dev_1,20.8491518683142,3.748352785893861,7.855733957146281,0
2025-01-08T15:00:00,dev_1,21.063530087545004,3.3987220628811463,11.428792965261318,0
2025-01-08T16:00:00,dev_1,21.831408083543003,4.205863709974576,13.994593061495987,1
2025-01-08T17:00:00,dev_1,21.923025302153953,5.439636606016993,7.6467705611413965,1
2025-01-08T18:00:00,dev_1,21.310790786293705,5.524187842812771,8.325073191829615,0
2025-01-08T19:00:00,dev_1,20.62671118667087,5.276274179328554,10.47089673661986,0
2025-01-08T20:00:00,dev_1,21.452175152786495,3.5872341161076333,13.222232296999241,0
2025-01-08T21:00:00,dev_1,22.314008013178146,2.689896563367356,7.555251374920194,0
2025-01-08T22:00:00,dev_1,22.224248406536844,5.054353585390382,10.498072244613883,0
2025-01-08T23:00:00,dev_1,22.032654745968852,4.528223966361664,13.642597701626217,0
2025-01-09T00:00:00,dev_1,22.76337689208995,5.459385771716612,6.696481703641465,0
2025-01-09T01:00:00,dev_1,22.20985405106821,5.70195362622127,7.437861586308336,0
2025-01-09T02:00:00,dev_1,21.762490541590296,5.138241432058682,9.152786787078323,0
2025-01-09T03:00:00,dev_1,22.08415393893482,5.760133085375854,8.958823174289178,0
2025-01-09T04:00:00,dev_1,21.88685137750502,5.229211374115068,11.62520257550729,0
2025-01-09T05:00:00,dev_1,21.884290444144987,5.5300647056014665,10.483319439641676,0
2025-01-09T06:00:00,dev_1,21.80256899488273,4.295326737130118,6.450075880715744,0
2025-01-09T07:00:00,dev_1,21.971356269282197,4.820388586168542,11.030820805801621,1
2025-01-01T00:00:00,dev_2,66.49785069294997,5.766822871784243,7.5440002383550055,0
2025-01-01T01:00:00,dev_2,67.02746256239813,5.121177949299462,8.1469337776857,0
2025-01-01T02:00:00,dev_2,67.54038098384075,5.130764187911544,12.969837573467702,0
2025-01-01T03:00:00,dev_2,67.55983758729147,5.823753131876182,7.8834378983247255,0
2025-01-01T04:00:00,dev_2,67.13731492330689,4.940717353974068,7.354917733416642,0
2025-01-01T05:00:00,dev_2,66.59546550962787,4.270713063626339,9.027611738601907,0
2025-01-01T06:00:00,dev_2,66.76776796200305,4.585526934164141,10.84045341894917,0
2025-01-01T07:00:00,dev_2,66.95740797918563,5.633910377733742,9.795206586777807,0
2025-01-01T08:00:00,dev_2,67.60107353498816,5.002993291199956,8.698872759188816,0
2025-01-01T09:00:00,dev_2,68.1510633601592,5.340209976868338,8.651575076550982,0
2025-01-01T10:00:00,dev_2,68.08494903189361,5.67007924220219,8.575325871174583,0
2025-01-01T11:00:00,dev_2,67.46284609246318,4.62515853710239,8.240980742682115,0
2025-01-01T12:00:00,dev_2,67.30329279395774,5.756248163629806,14.563265754552123,0
2025-01-01T13:00:00,dev_2,67.411908391363,5.378842603458394,10.59502214237111,0
2025-01-01T14:00:00,dev_2,67.31086676866829,3.765186913088521,11.773518108809476,0
2025-01-01T15:00:00,dev_2,67.02191971462946,6.4423047911862446,9.021845063762152,0
2025-01-01T16:00:00,dev_2,67.1483621221144,4.499255256243083,9.628086645627903,0
2025-01-01T17:00:00,dev_2,66.8963832514091,3.3449046568148164,8.57289203725929,0
2025-01-01T18:00:00,dev_2,66.58235020954642,3.9549562904136977,4.696583330161596,0
2025-01-01T19:00:00,dev_2,66.73807662669815,3.978954839321678,7.243981446304268,0
2025-01-01T20:00:00,dev_2,66.53708033663354,5.052173318657533,6.378762640039211,0
2025-01-01T21:00:00,dev_2,66.65913253112271,4.726149494453763,5.500432444096785,0
2025-01-01T22:00:00,dev_2,66.79573454254877,4.663168032359407,7.609282051403794,0
2025-01-01T23:00:00,dev_2,66.22602004200299,5.619701965482479,12.649911358763262,0
2025-01-02T00:00:00,dev_2,65.98539948007028,5.3398753611927035,9.911127664591291,0
2025-01-02T01:00:00,dev_2,66.70428795002852,5.316047870644287,12.581127524642348,0
2025-01-02T02:00:00,dev_2,66.12324819366137,5.409828457328692,10.82196515380175,0
2025-01-02T03:00:00,dev_2,65.0649209691761,5.616134668002238,11.565117651430318,0
2025-01-02T04:00:00,dev_2,64.13399839255484,2.892046658222557,8.19820600939085,0
2025-01-02T05:00:00,dev_2,64.14855336584318,4.635561747735538,11.047901908385342,0
2025-01-02T06:00:00,dev_2,64.16401200485953,2.819789935510526,11.457428468148692,0
2025-01-02T07:00:00,dev_2,64.10520657714697,5.036059926797796,8.846705415532615,0
2025-01-02T08:00:00,dev_2,64.71230149161123,4.9953670277756546,11.119080741232333,0
2025-01-02T09:00:00,dev_2,63.375884275059754,6.0455322747896805,11.132375517149665,0
2025-01-02T10:00:00,dev_2,63.573851212275166,6.187634392721121,8.900894757739835,0
2025-01-02T11:00:00,dev_2,64.35457031317695,5.202775048252367,7.7544631354580105,0
2025-01-02T12:00:00,dev_2,63.790679930731095,4.499638922603101,7.6317433362034555,0
2025-01-02T13:00:00,dev_2,63.60077667483615,5.485161112545738,10.173011083842924,0
2025-01-02T14:00:00,dev_2,63.224330716221836,4.472082362675686,10.65401973757863,0
2025-01-02T15:00:00,dev_2,62.77715769318307,4.998607348556651,8.414948339084171,0
2025-01-02T16:00:00,dev_2,62.61402669067155,5.986136316960768,10.053170682652198,0
2025-01-02T17:00:00,dev_2,63.3277693325138,4.442228654010576,11.141074072276972,0
2025-01-02T18:00:00,dev_2,64.24646267025757,5.805678639242501,11.236381429330601,0
2025-01-02T19:00:00,dev_2,64.07849305773749,5.677401368692302,13.103760240244977,0
2025-01-02T20:00:00,dev_2,65.03102316476972,4.045208182869178,12.553961664396088,0
2025-01-02T21:00:00,dev_2,65.04881140326204,5.973894128217401,7.997417134486912,0
2025-01-02T22:00:00,dev_2,65.92565691661258,5.698566345371505,13.367172419076045,0
2025-01-02T23:00:00,dev_2,65.87900759178584,5.101925887372658,8.938046990888571,0
2025-01-03T00:00:00,dev_2,65.94453650480891,4.237676541972347,12.089745624908854,0
2025-01-03T01:00:00,dev_2,66.12727374113032,4.14079398142443,10.135973252102177,0
2025-01-03T02:00:00,dev_2,67.71670058081409,4.462337423096978,9.175701243086065,0
2025-01-03T03:00:00,dev_2,68.14234336823648,5.54259446329196,6.384606280450134,0
2025-01-03T04:00:00,dev_2,67.78871110326075,4.044374832598602,9.656870979567303,0
2025-01-03T05:00:00,dev_2,68.27321003839869,5.4375122486198695,6.881233529388782,0
2025-01-03T06:00:00,dev_2,68.09229376985651,3.7582444711216074,11.934598471685545,0
2025-01-03T07:00:00,dev_2,67.8474186784059,4.795931415561151,13.033585314278497,0
2025-01-03T08:00:00,dev_2,68.30171935835196,5.109647754574008,8.40617802140662,0
2025-01-03T09:00:00,dev_2,68.31726215223753,7.445130145058917,10.603941485038542,0
2025-01-03T10:00:00,dev_2,68.45655010949345,3.622684344479633,8.549216955984049,0
2025-01-03T11:00:00,dev_2,68.46354272042609,6.472014566490134,8.743030539726421,0
2025-01-03T12:00:00,dev_2,68.63183428372881,5.14984241398728,11.548989407730742,0
2025-01-03T13:00:00,dev_2,68.84431723244688,5.411171918015963,9.922923476313175,0
2025-01-03T14:00:00,dev_2,67.87583376609417,5.118347913388204,13.479296083862023,0
2025-01-03T15:00:00,dev_2,68.20912010039893,5.444726818195233,9.035535042594159,0
2025-01-03T16:00:00,dev_2,67.71811039048379,4.846314895637982,11.998672664948979,0
2025-01-03T17:00:00,dev_2,66.99696082270408,6.4540501814574585,10.194826825915564,0
2025-01-03T18:00:00,dev_2,66.96775520077475,4.5435288557752775,11.591556019488467,0
2025-01-03T19:00:00,dev_2,67.00974570243197,6.1322345721792475,9.105684685340107,0
2025-01-03T20:00:00,dev_2,66.66299262014583,4.355632879786977,9.900882324896834,0
2025-01-03T21:00:00,dev_2,67.07850854897981,4.939748153598713,9.76900224140213,0
2025-01-03T22:00:00,dev_2,66.40742096579436,3.928037447709781,8.327885770308425,0
2025-01-03T23:00:00,dev_2,66.20394909140808,5.45502372034752,11.324163069163506,0
2025-01-04T00:00:00,dev_2,65.91151202394158,6.445125956926534,11.300498011156728,0
2025-01-04T01:00:00,dev_2,65.88821838877192,4.922643820179146,11.187109389811134,0
2025-01-04T02:00:00,dev_2,66.02765053109553,4.80311430129609,13.07393130783529,0
2025-01-04T03:00:00,dev_2,65.52370405628376,3.8853830369320734,12.898689602472608,0
2025-01-04T04:00:00,dev_2,65.88584539501187,4.770707346447692,9.25011062030173,0
2025-01-04T05:00:00,dev_2,65.91734657917922,3.4072057402784726,10.746104636868356,0
2025-01-04T06:00:00,dev_2,64.97137345252327,4.0871220132811725,8.752798621483574,0
2025-01-04T07:00:00,dev_2,63.99207773232475,5.226786046109136,10.04671063222911,0
2025-01-04T08:00:00,dev_2,63.9859180858601,6.319013197741397,8.80050110176227,0
2025-01-04T09:00:00,dev_2,63.87543442696692,7.809210861229503,13.240140618272102,0
2025-01-04T10:00:00,dev_2,63.823724370179605,4.413414914929099,10.727396300685925,0
2025-01-04T11:00:00,dev_2,63.80973314191449,6.4353001566454395,9.563941743791156,0
2025-01-04T12:00:00,dev_2,63.922513061669584,5.243752480401648,12.387237143712754,0
2025-01-04T13:00:00,dev_2,64.39633786659374,4.848752353253624,5.658769180409177,0
2025-01-04T14:00:00,dev_2,63.840785416134956,5.432594451726152,5.9717948102694205,0
2025-01-04T15:00:00,dev_2,63.25479961968456,5.061916483679959,11.591677310439549,0
2025-01-04T16:00:00,dev_2,62.70813769074087,5.110395725612219,10.120936896234737,0
2025-01-04T17:00:00,dev_2,62.85259602432522,4.591666837173331,10.50089260052152,0
2025-01-04T18:00:00,dev_2,63.475069713648445,3.601890340201149,7.3472077933629025,0
2025-01-04T19:00:00,dev_2,63.25939999452869,3.4563747974779186,9.953532578299267,0
2025-01-04T20:00:00,dev_2,62.00855007244886,5.653244883281227,14.007018820802685,0
2025-01-04T21:00:00,dev_2,61.156553641143674,4.723299909914287,11.648399239591726,0
2025-01-04T22:00:00,dev_2,60.74003527974567,4.403911100343834,10.339413090285625,0
2025-01-04T23:00:00,dev_2,60.46117083599806,5.008505626723154,9.121892179790125,0
2025-01-05T00:00:00,dev_2,60.2569765223707,5.794932252915627,9.210854296261212,0
2025-01-05T01:00:00,dev_2,60.27626708386116,5.180363943026398,5.741604221599965,0
2025-01-05T02:00:00,dev_2,60.120393918449935,4.343945063359032,10.515280841842321,0
2025-01-05T03:00:00,dev_2,60.645063723721634,6.226292955648949,11.690966216963709,0
2025-01-05T04:00:00,dev_2,60.30705507088095,6.579185502981632,6.84876134565877,0
2025-01-05T05:00:00,dev_2,59.87589609114318,5.494556655322853,8.677166215386368,0
2025-01-05T06:00:00,dev_2,60.11533386040341,5.97366351134409,7.685070735533156,0
2025-01-05T07:00:00,dev_2,59.34751282544035,6.2419599968138115,8.069297610382472,0
2025-01-05T08:00:00,dev_2,59.54235867810035,6.130099316404514,10.1069632536438,0
2025-01-05T09:00:00,dev_2,59.593635269963485,5.614099177112624,5.831195690023051,0
2025-01-05T10:00:00,dev_2,59.5199140250044,5.598347047074883,11.228540876714128,0
2025-01-05T11:00:00,dev_2,60.31405207857903,5.519660573346503,11.507710139867365,0
2025-01-05T12:00:00,dev_2,60.00294835593167,3.9026623254529564,9.497794823926174,0
2025-01-05T13:00:00,dev_2,61.03309744119371,5.700723156859586,5.038582980030917,0
2025-01-05T14:00:00,dev_2,60.92038171657966,3.6441860288734462,8.00716274799522,0
2025-01-05T15:00:00,dev_2,60.28187349409455,4.205400544874945,12.465803868205393,0
2025-01-05T16:00:00,dev_2,60.31683328459196,6.303565067808087,4.444011438542855,0
2025-01-05T17:00:00,dev_2,59.778710684432575,5.840220162694197,9.304953175612962,0
2025-01-05T18:00:00,dev_2,59.402832760525826,6.487398289685863,7.6399984430654815,0
2025-01-05T19:00:00,dev_2,59.60134941053357,4.728325616312707,11.609140603169672,0
2025-01-05T20:00:00,dev_2,59.879140454858636,3.8477511587232325,8.649772095713077,0
2025-01-05T21:00:00,dev_2,59.5680566047315,4.759562802929657,10.807908041471222,0
2025-01-05T22:00:00,dev_2,60.06175917725471,5.102031297240575,11.130920838338186,0
2025-01-05T23:00:00,dev_2,60.64051305626527,5.078988716340009,13.672451679460039,0
2025-01-06T00:00:00,dev_2,61.35866393454692,6.133680478756702,9.59411611264926,0
2025-01-06T01:00:00,dev_2,61.623370638109776,4.638729574996555,10.752088739245222,0
2025-01-06T02:00:00,dev_2,62.30508499415263,5.3520344718029245,7.029889041745128,0
2025-01-06T03:00:00,dev_2,61.3646857801656,4.011372850565394,12.380827126587487,0
2025-01-06T04:00:00,dev_2,61.205732505851365,5.450317278043813,8.47898230385727,0
2025-01-06T05:00:00,dev_2,60.772229877689654,5.003108550185637,8.87849167182451,0
2025-01-06T06:00:00,dev_2,60.83184280825335,4.250186661715483,9.955504410301579,0
2025-01-06T07:00:00,dev_2,60.54611819865498,4.764170637825147,6.874231309320301,0
2025-01-06T08:00:00,dev_2,60.46303927768012,4.815824253484778,10.457540057857877,0
2025-01-06T09:00:00,dev_2,61.40412671778214,4.7298448706629035,11.934932545850021,0
2025-01-06T10:00:00,dev_2,61.31926681957195,6.771341242267684,10.585867646994583,0
2025-01-06T11:00:00,dev_2,61.52616297816706,4.901553997692121,6.822204871642549,1
2025-01-06T12:00:00,dev_2,61.41002831320494,4.756103889822662,9.75238141134068,0
2025-01-06T13:00:00,dev_2,61.44788495718336,2.9025490423898583,11.484057805958981,0
2025-01-06T14:00:00,dev_2,61.45089329740139,4.105792648020523,6.244022468068184,0
2025-01-06T15:00:00,dev_2,61.67505533038798,4.736926575543647,7.850467972364572,0
2025-01-06T16:00:00,dev_2,62.25770909816156,4.314147323823358,11.75308720816304,0
2025-01-06T17:00:00,dev_2,63.08140609696323,6.381707593377797,10.540190868394573,0
2025-01-06T18:00:00,dev_2,63.23621613791781,4.8350622246037815,10.823943164253508,0
2025-01-06T19:00:00,dev_2,63.53098958093561,6.288444249318252,13.718989615246624,0
2025-01-06T20:00:00,dev_2,62.95555732634283,5.061704634050368,10.937105557012405,0
2025-01-06T21:00:00,dev_2,62.91161895513502,5.037227836421577,11.315776020866359,0
2025-01-06T22:00:00,dev_2,63.381763687576814,4.911203552287499,15.421491054436652,0
2025-01-06T23:00:00,dev_2,63.814748006785386,5.003796251621459,9.572390883819018,0
2025-01-07T00:00:00,dev_2,63.92055287318291,6.718795003049859,8.40423447276301,0
2025-01-07T01:00:00,dev_2,64.36374985296689,2.6803892732487817,10.855592796494266,0
2025-01-07T02:00:00,dev_2,64.6091332074638,2.998454255561321,10.87798205877779,0
2025-01-07T03:00:00,dev_2,65.20928633659346,4.456829168943886,8.946569216107584,0
2025-01-07T04:00:00,dev_2,65.35396591507201,5.0145278819375685,7.935205960890305,0
2025-01-07T05:00:00,dev_2,65.1761167572865,5.690104424764012,14.619688844180157,0
2025-01-07T06:00:00,dev_2,65.34403738575301,5.473087198027475,10.653686940776046,0
2025-01-07T07:00:00,dev_2,63.87874019782662,4.61575408711943,8.53542923719585,0
2025-01-07T08:00:00,dev_2,64.07018306601915,6.019043693241763,11.831860604559196,0
2025-01-07T09:00:00,dev_2,62.24597665341176,6.030195403152731,9.78170969687733,0
2025-01-07T10:00:00,dev_2,61.38424494970905,5.1840578312715655,9.494237107364338,0
2025-01-07T11:00:00,dev_2,61.61012925017954,5.962657572486841,11.124545743828987,0
2025-01-07T12:00:00,dev_2,61.848893918812934,5.272645263432128,7.41623546353662,0
2025-01-07T13:00:00,dev_2,61.267679528742974,4.438516973217117,10.705254407834344,0
2025-01-07T14:00:00,dev_2,60.9116285078035,5.697816839000005,13.825909615463505,0
2025-01-07T15:00:00,dev_2,61.59689900211057,5.110613122578678,10.93235532439462,0
2025-01-07T16:00:00,dev_2,61.35488393632423,5.001339846754487,9.247575792433071,0
2025-01-07T17:00:00,dev_2,62.47634409252572,6.472953572189574,8.985789439143517,0
2025-01-07T18:00:00,dev_2,62.47538416593755,2.5491278714599135,9.179320053309782,0
2025-01-07T19:00:00,dev_2,62.67940225437818,3.5823158298404305,9.492074643904438,0
2025-01-07T20:00:00,dev_2,63.48783945362749,3.81292957362563,9.244386934483456,0
2025-01-07T21:00:00,dev_2,63.5533530117242,4.636739352431194,11.832622882149133,0
2025-01-07T22:00:00,dev_2,63.05218102137879,4.74539183023397,6.533581793582034,0
2025-01-07T23:00:00,dev_2,62.99731729553165,3.4926743522269525,11.724000100824268,0
2025-01-08T00:00:00,dev_2,62.979511927436604,4.014841967689174,9.240626949714878,0
2025-01-08T01:00:00,dev_2,62.297141101335825,4.13915832147643,10.753895571390744,0
2025-01-08T02:00:00,dev_2,62.16922506566541,7.457424092075891,7.7460241795982725,0
2025-01-08T03:00:00,dev_2,61.79812901866669,6.801741947747146,12.657262133698872,0
2025-01-08T04:00:00,dev_2,62.26030789726041,4.588250582315351,12.491269920343747,0
2025-01-08T05:00:00,dev_2,62.27761383435303,4.636416709693201,11.919181051500146,0
2025-01-08T06:00:00,dev_2,62.13621595977925,3.850796002811706,6.970490448412921,0
2025-01-08T07:00:00,dev_2,62.083124994467966,3.0918695867747332,11.658242142132107,0
2025-01-08T08:00:00,dev_2,62.194686003671045,4.883119813591476,10.809710175271418,0
2025-01-08T09:00:00,dev_2,62.50309310351594,4.002148016755974,6.789457505734864,0
2025-01-08T10:00:00,dev_2,62.00323698918125,4.91514946833799,9.951405232458368,0
2025-01-08T11:00:00,dev_2,61.48244317287061,3.399794150956523,10.729068978066525,0
2025-01-08T12:00:00,dev_2,62.034782780571874,4.238025541689742,11.112150547646301,1
2025-01-08T13:00:00,dev_2,61.82861434446951,5.148627095302831,10.354522733897712,0
2025-01-08T14:00:00,dev_2,61.120193298171074,5.3662095977839375,10.582462833694759,0
2025-01-08T15:00:00,dev_2,61.34209965286262,5.417471958742015,12.947222784506192,0
2025-01-08T16:00:00,dev_2,61.573784555878966,3.6795110158429627,12.452067819821359,0
2025-01-08T17:00:00,dev_2,60.808426927250615,5.854685730135562,4.265890092434513,0
2025-01-08T18:00:00,dev_2,60.92316778498242,4.19978830339815,9.365122890324637,0
2025-01-08T19:00:00,dev_2,61.2909593311966,5.632857914607307,9.670697944912098,0
2025-01-08T20:00:00,dev_2,61.47815255704974,4.989361323381807,6.495802854546058,0
2025-01-08T21:00:00,dev_2,61.794143298930436,3.623612500922052,10.188366116464625,0
2025-01-08T22:00:00,dev_2,61.09200874988506,4.683802295418812,12.497515544821013,0
2025-01-08T23:00:00,dev_2,61.257528827383155,5.365363742063767,7.826864280818819,0
2025-01-09T00:00:00,dev_2,61.10621894764793,5.612965380474599,10.672801877379744,0
2025-01-09T01:00:00,dev_2,60.86482386828561,4.859012102555582,8.168353045407125,0
2025-01-09T02:00:00,dev_2,61.300101672995474,6.5317788906010525,8.656175952640647,0
2025-01-09T03:00:00,dev_2,62.03973892833259,6.007510770986559,12.95478726834007,0
2025-01-09T04:00:00,dev_2,62.93692395563277,4.743345883600247,8.91488435977635,0
2025-01-09T05:00:00,dev_2,63.594327891385724,5.750121812136944,10.92442497802125,0
2025-01-09T06:00:00,dev_2,63.53946080057063,6.933793485188187,6.257563767878025,0
2025-01-09T07:00:00,dev_2,63.715820882083804,6.960484600783027,13.72463512278976,0
2025-01-01T00:00:00,dev_3,59.11930039546422,4.851927595452246,9.816919961163585,0
2025-01-01T01:00:00,dev_3,59.908184497930165,4.436528574574931,8.938356343740706,0
2025-01-01T02:00:00,dev_3,59.37438761340772,4.556987846758533,14.428305231583822,0
2025-01-01T03:00:00,dev_3,59.34692018030626,4.960293717653022,9.096098040292983,0
2025-01-01T04:00:00,dev_3,59.91326509056606,5.442454604969711,8.668244577759127,0
2025-01-01T05:00:00,dev_3,60.54553499523507,4.695573237143333,10.868019646900214,0
2025-01-01T06:00:00,dev_3,59.83465317056279,4.590351071631998,10.50370883059001,0
2025-01-01T07:00:00,dev_3,59.678475449734854,5.092354038254458,7.190416904779346,0
2025-01-01T08:00:00,dev_3,60.357535997668485,3.079084074104818,12.245356509127477,0
2025-01-01T09:00:00,dev_3,60.611575550268014,5.477035127226458,9.811610849298333,0
2025-01-01T10:00:00,dev_3,60.709207066007906,4.999436902877041,7.778137809568559,0
2025-01-01T11:00:00,dev_3,60.600364719290575,5.039693526597562,12.377568228707748,0
2025-01-01T12:00:00,dev_3,60.4084642564367,5.960734307594464,11.251351143192307,0
2025-01-01T13:00:00,dev_3,60.55257378798186,3.047184469951752,7.470916016104171,0
2025-01-01T14:00:00,dev_3,60.42638672548962,3.0261661301410365,13.554365680515449,0
2025-01-01T15:00:00,dev_3,60.4050974149674,5.27380384532352,11.317594736732385,0
2025-01-01T16:00:00,dev_3,60.444396768024916,4.9928831448714845,9.979607768749908,0
2025-01-01T17:00:00,dev_3,60.10536100377817,5.170176943191932,13.180437611243558,0
2025-01-01T18:00:00,dev_3,60.37142569071889,4.537872924827554,10.318595567659282,0
2025-01-01T19:00:00,dev_3,61.8285480149266,5.664353674239932,9.943833849791936,0
2025-01-01T20:00:00,dev_3,60.94005469526356,5.93263884299112,8.679399767956022,0
2025-01-01T21:00:00,dev_3,61.10206095735855,5.483982293951527,11.163700878614158,0
2025-01-01T22:00:00,dev_3,60.7219659130491,4.739171541595417,10.95320593464796,0
2025-01-01T23:00:00,dev_3,61.01066720180872,2.892310612385597,10.029360279779423,0
2025-01-02T00:00:00,dev_3,61.033945938472655,5.769236208037128,8.420027292264795,0
2025-01-02T01:00:00,dev_3,61.414873325493886,6.221728666217593,10.259859708332147,0
2025-01-02T02:00:00,dev_3,62.002626613748276,5.64455841198398,9.860402428475725,0
2025-01-02T03:00:00,dev_3,62.098837172632365,4.120357572632494,7.333051362531598,0
2025-01-02T04:00:00,dev_3,62.66486331683945,5.673794393667758,7.056375297351629,0
2025-01-02T05:00:00,dev_3,61.49271436994511,5.860529707961446,11.13030675761954,0
2025-01-02T06:00:00,dev_3,62.28794051890313,6.5588162477990855,4.796223369896622,0
2025-01-02T07:00:00,dev_3,62.475471594849296,4.123890075772042,10.41082105392252,0
2025-01-02T08:00:00,dev_3,63.01439327272189,4.773545415455861,9.04383388449235,0
2025-01-02T09:00:00,dev_3,62.404455400301124,5.747272051143455,12.61649321375982,0
2025-01-02T10:00:00,dev_3,61.98907045949846,5.057410071438158,9.013063581692249,0
2025-01-02T11:00:00,dev_3,62.06203960657085,3.882672397948725,11.318968428503792,0
2025-01-02T12:00:00,dev_3,62.05352066190211,5.414616285026703,9.206172317524416,0
2025-01-02T13:00:00,dev_3,62.19505495590711,5.578661633815167,10.227496306972286,0
2025-01-02T14:00:00,dev_3,62.737312536372094,5.087962896331002,11.473673061840103,0
2025-01-02T15:00:00,dev_3,61.85470237872067,5.219584927179945,9.07488856735084,0
2025-01-02T16:00:00,dev_3,62.341611914579325,4.7412940983142695,11.993109768996808,0
2025-01-02T17:00:00,dev_3,62.34575286955828,6.478278935716059,8.012604245787033,0
2025-01-02T18:00:00,dev_3,62.24386193899601,4.0993078162873235,10.589185685116759,0
2025-01-02T19:00:00,dev_3,61.508304321803564,4.412679237236221,11.845279445575706,0
2025-01-02T20:00:00,dev_3,61.759828655991996,5.010985513527525,11.32007498358067,0
2025-01-02T21:00:00,dev_3,60.55277473047648,5.8789540277008925,13.83288975347082,0
2025-01-02T22:00:00,dev_3,60.87697173609584,3.5026268299054633,8.47312136537868,0
2025-01-02T23:00:00,dev_3,60.13091881835934,3.689703250234561,7.241701497302824,0
2025-01-03T00:00:00,dev_3,60.15764777466808,2.962271492265282,8.011329783009762,0
2025-01-03T01:00:00,dev_3,60.09806335600412,5.032695225253271,11.320885133096874,0
2025-01-03T02:00:00,dev_3,60.68283242965106,3.8816941827934563,10.995845868538757,0
2025-01-03T03:00:00,dev_3,60.59350484514411,4.6154498899820835,10.204513319294831,1
2025-01-03T04:00:00,dev_3,60.24643556457128,5.661378189891708,7.75408590178574,0
2025-01-03T05:00:00,dev_3,59.99313421658568,4.358457279217154,11.533734586658122,0
2025-01-03T06:00:00,dev_3,60.62957560096301,5.231282022743365,7.550590444698919,0
2025-01-03T07:00:00,dev_3,60.897724085553456,4.700662092248278,12.3178991647538,0
2025-01-03T08:00:00,dev_3,60.70490909479188,5.672114315096437,15.71487684627973,0
2025-01-03T09:00:00,dev_3,60.58668588480962,5.475128067348009,10.7329022931431,0
2025-01-03T10:00:00,dev_3,59.803097339516896,4.30806630382539,11.166216271315486,0
2025-01-03T11:00:00,dev_3,59.99733443994267,4.831348246599547,9.01428046220888,0
2025-01-03T12:00:00,dev_3,59.117426586094936,6.043743397720494,6.379573357826367,0
2025-01-03T13:00:00,dev_3,59.49332481901266,5.393376870254097,8.794561273939555,0
2025-01-03T14:00:00,dev_3,59.5576356152583,3.6030379422488688,7.814209517802501,0
2025-01-03T15:00:00,dev_3,60.75111151504526,5.655618061171383,7.105990847169968,0
2025-01-03T16:00:00,dev_3,60.2010437381831,3.915389377563762,13.444719883991299,0
2025-01-03T17:00:00,dev_3,60.14971269266279,6.4125130699610065,10.545725036051547,0
2025-01-03T18:00:00,dev_3,61.048856543124316,6.024098839841025,10.759375161227968,0
2025-01-03T19:00:00,dev_3,61.644551363270025,5.289885475918401,9.3819552696075,0
2025-01-03T20:00:00,dev_3,61.29644533748008,5.157232843436193,9.654257835113127,0
2025-01-03T21:00:00,dev_3,61.4084290516668,4.79096774397258,11.929101364478667,0
2025-01-03T22:00:00,dev_3,61.40942872987434,5.678523951400028,9.935325762609569,0
2025-01-03T23:00:00,dev_3,61.55040666357142,4.629221830537938,11.061387876049466,0
2025-01-04T00:00:00,dev_3,61.20106644557901,5.235569870639894,9.607991404309969,0
2025-01-04T01:00:00,dev_3,61.15640624422864,5.871934366519451,9.315694218535906,0
2025-01-04T02:00:00,dev_3,60.35738005659029,4.43819345647441,7.186171668796276,0
2025-01-04T03:00:00,dev_3,60.42494178252432,4.383807260009306,6.044501875265744,0
2025-01-04T04:00:00,dev_3,60.64995211923524,3.805634519275541,9.476876197867197,0
2025-01-04T05:00:00,dev_3,60.536242412913296,3.9355272538738277,10.112993383986465,0
2025-01-04T06:00:00,dev_3,59.728716967620905,3.1716046885584976,7.427739926582419,0
2025-01-04T07:00:00,dev_3,60.222982899046634,5.72982878901553,9.931050269930735,0
2025-01-04T08:00:00,dev_3,60.40524541804304,6.808914542082771,10.107505125981005,0
2025-01-04T09:00:00,dev_3,60.04223786919255,6.425328943470306,5.687983987881242,0
2025-01-04T10:00:00,dev_3,59.901937645773515,3.3739155113734833,8.169750681040998,0
2025-01-04T11:00:00,dev_3,59.151602944382596,5.7248546715562,10.814527787470936,0
2025-01-04T12:00:00,dev_3,58.638897880493644,6.422106349923556,10.774117458791487,0
2025-01-04T13:00:00,dev_3,58.36999220731508,4.543190019261336,7.692650167200479,0
2025-01-04T14:00:00,dev_3,58.98420261345515,5.101447430650049,10.31689610099947,0
2025-01-04T15:00:00,dev_3,58.66445091801141,2.9921069491953296,12.044814450720944,0
2025-01-04T16:00:00,dev_3,58.984557747675794,5.266736167976641,11.554145917981796,0
2025-01-04T17:00:00,dev_3,58.715399646245004,3.9364402705652823,9.809428425972131,0
2025-01-04T18:00:00,dev_3,58.83937342667094,5.199635017911515,9.064047373351416,0
2025-01-04T19:00:00,dev_3,58.76867567559904,3.4387970778111194,8.74131103133099,0
2025-01-04T20:00:00,dev_3,59.20520397564541,5.542858224477596,10.935639565819315,0
2025-01-04T21:00:00,dev_3,58.93779830653613,6.02451267542669,10.390207946285775,0
2025-01-04T22:00:00,dev_3,58.15153418153491,4.216820138284833,11.258808012204401,0
2025-01-04T23:00:00,dev_3,57.4605596658531,3.8630774185895653,10.263747626242305,0
2025-01-05T00:00:00,dev_3,57.19462091888172,2.843976957450019,11.637527900694884,0
2025-01-05T01:00:00,dev_3,56.57009093354269,4.733586465924823,10.1891850659154,0
2025-01-05T02:00:00,dev_3,56.77519694138247,4.418406065718395,11.569377432263373,0
2025-01-05T03:00:00,dev_3,56.54231285895342,3.4489805876519455,11.741645540733277,0
2025-01-05T04:00:00,dev_3,57.729616133966644,5.453018756312171,8.390946739550373,0
2025-01-05T05:00:00,dev_3,56.86075883639808,4.550029618135351,6.383711906258508,0
2025-01-05T06:00:00,dev_3,56.96257542575297,3.9242640413547676,13.086985712029106,0
2025-01-05T07:00:00,dev_3,56.39859891400014,4.445427594359553,10.513317461424524,0
2025-01-05T08:00:00,dev_3,56.1518982438088,6.071304538929615,6.571028209007757,0
2025-01-05T09:00:00,dev_3,56.222607980479076,5.602936943755222,8.572361005562577,0
2025-01-05T10:00:00,dev_3,55.05992229304193,4.86997393850151,11.543748584739657,0
2025-01-05T11:00:00,dev_3,55.17833535143595,5.619105018464852,9.440646337734215,0
2025-01-05T12:00:00,dev_3,56.129789082573026,3.839088043613261,8.975877161361746,0
2025-01-05T13:00:00,dev_3,55.903069933388736,5.0323701007270305,12.801763720625933,0
2025-01-05T14:00:00,dev_3,56.03297386179149,5.14732233048647,7.905425707232379,0
2025-01-05T15:00:00,dev_3,56.545434708354186,4.530163491501273,8.403693284490332,0
2025-01-05T16:00:00,dev_3,56.46345795834069,5.435458335957418,10.422772950096535,0
2025-01-05T17:00:00,dev_3,56.172977864074944,4.219566545355549,10.780909864107764,0
2025-01-05T18:00:00,dev_3,55.03510966221407,5.509820707776118,10.992686068681463,0
2025-01-05T19:00:00,dev_3,55.35560502191156,5.5518587715312915,11.822476089137893,0
2025-01-05T20:00:00,dev_3,55.29902081704711,2.082840119302934,10.397157241363034,0
2025-01-05T21:00:00,dev_3,54.79267889135303,6.190305703510118,10.978767877876818,0
2025-01-05T22:00:00,dev_3,54.855977246491875,1.952367434647246,9.481581481369833,0
2025-01-05T23:00:00,dev_3,54.56413706808878,4.3839509744438745,10.125396606473428,0
2025-01-06T00:00:00,dev_3,54.29992400253102,6.025348034257755,10.215068360107269,0
2025-01-06T01:00:00,dev_3,54.60306958058538,4.6827132747475595,10.430196271638073,0
2025-01-06T02:00:00,dev_3,53.93387837492345,3.533814017530458,11.545079615165522,0
2025-01-06T03:00:00,dev_3,54.45753601796033,3.906262938283329,11.110291363889662,0
2025-01-06T04:00:00,dev_3,53.75869293640113,6.02690574632062,10.088434005800366,0
2025-01-06T05:00:00,dev_3,53.427342232223495,3.0784954694513615,8.38174803011792,0
2025-01-06T06:00:00,dev_3,54.388815329256786,6.1289911009620175,10.13534251612542,0
2025-01-06T07:00:00,dev_3,54.952492710078,4.94489790095771,9.943964430208512,0
2025-01-06T08:00:00,dev_3,55.001294706325716,3.8076046695575663,10.386363159626397,0
2025-01-06T09:00:00,dev_3,54.53102959857511,4.416884927697309,14.413050614280804,0
2025-01-06T10:00:00,dev_3,54.26639344522516,3.9827756588983587,8.95245444291753,0
2025-01-06T11:00:00,dev_3,54.30303110251801,5.866225200858529,10.844578038250718,0
2025-01-06T12:00:00,dev_3,54.32179271868781,5.7324278097628385,12.136924134488597,0
2025-01-06T13:00:00,dev_3,54.27635725387483,3.280838866123953,10.196003828198766,0
2025-01-06T14:00:00,dev_3,54.26094099683274,4.5964078814806655,14.67569023834433,0
2025-01-06T15:00:00,dev_3,54.15375344198018,4.136814337655723,9.243921416537047,0
2025-01-06T16:00:00,dev_3,53.432764074160175,6.29350996845937,10.648178444640093,1
2025-01-06T17:00:00,dev_3,53.17450870307976,3.649900881873579,8.402388510214037,0
2025-01-06T18:00:00,dev_3,53.63182073007318,6.604229104685014,9.296950529713413,0
2025-01-06T19:00:00,dev_3,52.94765358129762,4.966705260483063,10.497867820793315,0
2025-01-06T20:00:00,dev_3,52.85287582552798,3.8380655936199126,11.69260812461546,0
2025-01-06T21:00:00,dev_3,52.44299886114256,4.322725815990722,10.638189668047149,0
2025-01-06T22:00:00,dev_3,52.49867407584162,4.198381159231549,12.518229698669472,0
2025-01-06T23:00:00,dev_3,52.30435748530821,3.725381597984494,9.810069378814656,0
2025-01-07T00:00:00,dev_3,53.043054317795544,5.094826859730376,9.335662940321988,0
2025-01-07T01:00:00,dev_3,53.29634589489067,3.7720844493081565,15.407970214558773,0
2025-01-07T02:00:00,dev_3,52.64044431200206,2.8196337912618112,10.788475298884062,1
2025-01-07T03:00:00,dev_3,52.97605831780891,4.620323529151827,8.561036908042905,0
2025-01-07T04:00:00,dev_3,52.58873238967788,3.1971438035821174,8.611472475503863,0
2025-01-07T05:00:00,dev_3,52.30023420398911,4.24783913193248,8.114640170937319,0
2025-01-07T06:00:00,dev_3,52.45714371404267,4.090897111396644,11.873138711713576,0
2025-01-07T07:00:00,dev_3,52.21127000417761,4.128783927974186,9.271245414213517,0
2025-01-07T08:00:00,dev_3,52.65769791233909,7.000963101590154,10.254724951312971,0
2025-01-07T09:00:00,dev_3,52.27044288158238,5.056411567169571,9.872982651123463,0
2025-01-07T10:00:00,dev_3,51.96096960528671,5.245371008995332,11.46298481588187,0
2025-01-07T11:00:00,dev_3,51.63278415851265,3.2236017036577054,8.30651181423196,0
2025-01-07T12:00:00,dev_3,51.34996478433513,4.346036866363078,7.8488554277139695,0
2025-01-07T13:00:00,dev_3,51.89956056210904,5.215302629941512,10.448594614363188,0
2025-01-07T14:00:00,dev_3,52.21395870891419,3.9754710870869934,11.201918569399794,0
2025-01-07T15:00:00,dev_3,53.06893068592023,5.908062843517985,10.665064626195282,0
2025-01-07T16:00:00,dev_3,54.202752787869855,3.7973034140989697,8.381092541805344,0
2025-01-07T17:00:00,dev_3,53.687394271903685,4.713633864134825,11.354969684182787,0
2025-01-07T18:00:00,dev_3,53.72260383556733,4.413948360024442,8.512278145808732,0
2025-01-07T19:00:00,dev_3,53.13450367724561,5.164320659381916,8.956922710427234,0
2025-01-07T20:00:00,dev_3,52.74570071337148,4.359509928144574,8.112092950555995,0
2025-01-07T21:00:00,dev_3,52.430659458243646,4.7291063729290626,12.602316697304062,0
2025-01-07T22:00:00,dev_3,51.90208202117451,4.763869908222015,11.266843082054699,0
2025-01-07T23:00:00,dev_3,51.3761383847253,4.265612242608699,11.209986751357746,0
2025-01-08T00:00:00,dev_3,51.303996195465174,5.4850938684971124,12.494422842284902,0
2025-01-08T01:00:00,dev_3,50.69563698627197,5.238388374837426,15.625298496477447,0
2025-01-08T02:00:00,dev_3,51.116700465840786,4.911386054746833,6.581547792179689,0
2025-01-08T03:00:00,dev_3,50.65782369713203,4.569541666538042,8.523246838245784,0
2025-01-08T04:00:00,dev_3,52.06260818218023,5.796544030519997,8.767649831650953,0
2025-01-08T05:00:00,dev_3,51.83691595669803,4.764165756185819,8.298360755234615,0
2025-01-08T06:00:00,dev_3,51.87292477765655,4.693302712174063,7.844833504792575,0
2025-01-08T07:00:00,dev_3,51.22525418542354,5.104690029888126,9.400693871889269,0
2025-01-08T08:00:00,dev_3,52.07830006448736,6.6965866829708505,7.566792569421191,0
2025-01-08T09:00:00,dev_3,52.638050404888816,3.6596437919787963,10.670084735074827,0
2025-01-08T10:00:00,dev_3,52.78650834025687,5.769856893055355,10.103396642857229,0
2025-01-08T11:00:00,dev_3,52.11310706586709,3.1068288387618948,10.96205732952731,0
2025-01-08T12:00:00,dev_3,52.2184405047294,5.217273158228624,11.015456903276505,0
2025-01-08T13:00:00,dev_3,51.65772498172077,6.575082827608731,11.206013706853353,0
2025-01-08T14:00:00,dev_3,52.388902613457454,5.4886685244673075,9.253182126352236,0
2025-01-08T15:00:00,dev_3,52.79349997938404,5.170625078539793,14.242286805267334,0
2025-01-08T16:00:00,dev_3,52.84121949862791,4.439550531196924,10.468862232964195,0
2025-01-08T17:00:00,dev_3,51.62303166700424,5.031047200488554,6.2750304947504105,0
2025-01-08T18:00:00,dev_3,51.13132367767473,4.747937184596644,7.995248508467565,0
2025-01-08T19:00:00,dev_3,51.475204243474664,4.214023392068644,6.518994021944369,0
2025-01-08T20:00:00,dev_3,52.081646089336246,4.71012438452513,10.034669258302614,0
2025-01-08T21:00:00,dev_3,52.63623099508231,5.19838116062644,9.756389551893333,0
2025-01-08T22:00:00,dev_3,51.840224493961585,4.23278293146936,9.063148604201084,0
2025-01-08T23:00:00,dev_3,51.99100064736803,4.193718179315316,14.021852224801028,0
2025-01-09T00:00:00,dev_3,52.4987582556095,3.6397565624078254,11.097965748153822,0
2025-01-09T01:00:00,dev_3,51.66959047281838,5.390725026088896,11.452196722892669,0
2025-01-09T02:00:00,dev_3,51.66563821513176,5.54532326196706,8.137853024115794,0
2025-01-09T03:00:00,dev_3,51.80255941428599,5.2316604442365175,8.001710217337976,0
2025-01-09T04:00:00,dev_3,51.65217712186262,5.9651704927286655,10.07361099819391,0
2025-01-09T05:00:00,dev_3,50.72609619416202,5.087867637080728,10.346014279304452,0
2025-01-09T06:00:00,dev_3,50.56324713912515,5.3920109373657565,6.287376865771086,0
2025-01-09T07:00:00,dev_3,50.39959442399764,5.303837425637563,9.639385954300932,0
2025-01-01T00:00:00,dev_4,43.90835122178637,5.286891118292605,9.484957602180417,0
2025-01-01T01:00:00,dev_4,43.58624709659315,3.086220265171074,11.14672494034589,0
2025-01-01T02:00:00,dev_4,43.88059873570072,6.0382899289838186,8.712877750098704,1
2025-01-01T03:00:00,dev_4,43.65756404647131,4.456217195647277,9.48077193730845,0
2025-01-01T04:00:00,dev_4,44.14765948230721,6.411316985876712,11.939608974783491,0
2025-01-01T05:00:00,dev_4,44.28824606512895,4.9121643213963,11.748555357838129,0
2025-01-01T06:00:00,dev_4,43.9394674618308,5.20470668602053,8.036180308098393,0
2025-01-01T07:00:00,dev_4,43.50649751991466,6.178954578591648,8.288947094182848,0
2025-01-01T08:00:00,dev_4,42.68274937039094,4.102507029145338,10.21740430562682,0
2025-01-01T09:00:00,dev_4,42.82811595932435,4.007153192166061,13.452264749339019,0
2025-01-01T10:00:00,dev_4,42.65082218569867,4.8035015796018925,6.168869671062012,0
2025-01-01T11:00:00,dev_4,41.464724421666915,5.827172799621222,10.556665879141008,0
2025-01-01T12:00:00,dev_4,41.19686698528221,3.6691227473865093,7.247913336853704,0
2025-01-01T13:00:00,dev_4,40.746349970654734,3.3319654001109034,8.731338012948909,0
2025-01-01T14:00:00,dev_4,41.534188766740066,5.823720927043793,9.271143163871518,0
2025-01-01T15:00:00,dev_4,40.68279946079341,4.397021687432996,9.158983313126217,0
2025-01-01T16:00:00,dev_4,39.962124060926385,4.6077739870797165,8.932408120681583,0
2025-01-01T17:00:00,dev_4,40.517108882479235,3.143189598059834,10.01441412075274,0
2025-01-01T18:00:00,dev_4,41.19549046121122,4.321020685648018,8.929488866738843,0
2025-01-01T19:00:00,dev_4,40.822998991848394,4.992432703368849,7.075085230291695,0
2025-01-01T20:00:00,dev_4,40.50695608044394,5.930377857622892,11.559739225045552,0
2025-01-01T21:00:00,dev_4,40.815073778720595,4.228769833765361,11.505744334297761,0
2025-01-01T22:00:00,dev_4,39.65152388024794,6.657376120232497,11.686348620045338,0
2025-01-01T23:00:00,dev_4,38.72092703799517,4.315443975820199,6.918531007471836,0
2025-01-02T00:00:00,dev_4,38.58056033756981,4.316908198414826,10.597836305168302,0
2025-01-02T01:00:00,dev_4,39.355505620634375,6.537357551897802,11.351957711613847,0
2025-01-02T02:00:00,dev_4,39.137640576551,5.211460152363917,7.93759586312083,0
2025-01-02T03:00:00,dev_4,39.188108972418576,4.447975270988423,10.018346496364257,0
2025-01-02T04:00:00,dev_4,39.755003608700584,4.844866868819406,9.767466709379269,0
2025-01-02T05:00:00,dev_4,40.80844597533966,6.353073577542059,13.684301317136526,0
2025-01-02T06:00:00,dev_4,40.5200217387655,6.466202819625682,13.848992074025146,0
2025-01-02T07:00:00,dev_4,40.51160337689879,4.183206820729744,6.671287213339598,0
2025-01-02T08:00:00,dev_4,41.42263098757021,4.957566189920891,14.98785401145598,0
2025-01-02T09:00:00,dev_4,40.661531349974496,5.090156827667573,8.169548557693352,0
2025-01-02T10:00:00,dev_4,41.17532188525141,4.013759889483403,11.961346588654852,0
2025-01-02T11:00:00,dev_4,40.66616411907078,4.944314947350006,11.940995961727461,0
2025-01-02T12:00:00,dev_4,40.71740030262236,5.005322860451701,8.008619546316387,0
2025-01-02T13:00:00,dev_4,40.59609077892222,6.140209478936736,10.986535587678198,0
2025-01-02T14:00:00,dev_4,40.117084978571604,6.207425028311201,9.784932511467872,0
2025-01-02T15:00:00,dev_4,39.62553401474247,4.670790601640992,11.108660009264781,0
2025-01-02T16:00:00,dev_4,39.76374119686935,4.786046856139189,10.461344604761251,0
2025-01-02T17:00:00,dev_4,40.261510860950686,5.664292302055635,12.392678970740494,0
2025-01-02T18:00:00,dev_4,40.196642759356436,4.414811551072988,10.150799086292125,0
2025-01-02T19:00:00,dev_4,40.23169933872304,5.588640151737403,9.664251861147378,0
2025-01-02T20:00:00,dev_4,40.517286371868565,4.912093512630785,12.192128466114362,0
2025-01-02T21:00:00,dev_4,40.03147698536208,4.0306014222613795,11.160791929717206,0
2025-01-02T22:00:00,dev_4,40.40132323956855,4.043163287120353,11.463626788641776,0
2025-01-02T23:00:00,dev_4,40.81099478809842,6.447058696031102,8.670826655482806,0
2025-01-03T00:00:00,dev_4,42.112807937473626,4.843578520856702,7.909474437203052,0
2025-01-03T01:00:00,dev_4,41.92475584219383,6.640354093898311,8.864555713494596,0
2025-01-03T02:00:00,dev_4,41.69571494135977,4.48636373928509,8.758357228638822,0
2025-01-03T03:00:00,dev_4,42.080197877146645,5.291205201131493,11.572398537305828,0
2025-01-03T04:00:00,dev_4,42.48974996160271,7.3926767230182415,11.951968100588104,0
2025-01-03T05:00:00,dev_4,42.22220638491436,3.942613255336721,9.689739420935199,0
2025-01-03T06:00:00,dev_4,42.02062504644933,3.1021855001002234,12.861838037648704,0
2025-01-03T07:00:00,dev_4,42.29119046555835,6.286590131287233,12.73693878753026,0
2025-01-03T08:00:00,dev_4,41.877398345191025,4.173190894606926,10.486797832801079,0
2025-01-03T09:00:00,dev_4,41.672131351183516,4.979293635893766,8.35621645691392,0
2025-01-03T10:00:00,dev_4,41.71692773486773,4.4140817895484155,13.15075329887108,0
2025-01-03T11:00:00,dev_4,42.21489707727886,5.268162780955316,9.877965297943183,0
2025-01-03T12:00:00,dev_4,41.91259776918909,4.049463792814258,10.25233039286195,0
2025-01-03T13:00:00,dev_4,40.99140553817375,4.820059912116694,9.320789948786862,0
2025-01-03T14:00:00,dev_4,40.03310680441465,5.449815326556534,8.220419347405604,0
2025-01-03T15:00:00,dev_4,39.403400271061585,3.991691113725738,7.062721139369416,0
2025-01-03T16:00:00,dev_4,38.74681641196161,4.299915970354111,11.265736647114576,0
2025-01-03T17:00:00,dev_4,38.669511032651656,4.652617166401468,8.43319789220676,0
2025-01-03T18:00:00,dev_4,38.07507095585286,3.571184565773722,16.119062457993646,0
2025-01-03T19:00:00,dev_4,37.723693475942255,4.577439017201254,7.827852834775042,0
2025-01-03T20:00:00,dev_4,37.336650533451234,5.118796539902902,7.48523505003726,0
2025-01-03T21:00:00,dev_4,37.11639660302723,4.600451058411571,11.020277431226882,0
2025-01-03T22:00:00,dev_4,37.777648768788794,4.728623507068275,13.05862695793459,0
2025-01-03T23:00:00,dev_4,38.108622563504056,4.980098329093415,10.129179313886443,0
2025-01-04T00:00:00,dev_4,38.116687271142055,4.344256537567686,11.144484840374549,0
2025-01-04T01:00:00,dev_4,37.886174130851636,5.691062565866877,6.312905165082581,0
2025-01-04T02:00:00,dev_4,37.669557802540126,6.435978124801776,8.644976908616467,0
2025-01-04T03:00:00,dev_4,37.8334310375161,4.535619607804551,7.852768541724866,0
2025-01-04T04:00:00,dev_4,38.12551557419225,5.485198231477707,6.209908300104238,0
2025-01-04T05:00:00,dev_4,37.671706821141946,4.760382844565353,10.233960468047774,0
2025-01-04T06:00:00,dev_4,37.68994719894906,5.365487345038504,5.514344756779133,0
2025-01-04T07:00:00,dev_4,36.67413741461755,6.565779531203255,7.355608067825102,0
2025-01-04T08:00:00,dev_4,36.77999430670285,5.508659543018099,8.925612411973164,0
2025-01-04T09:00:00,dev_4,37.16106892768219,3.2265854611903193,8.337428328097847,0
2025-01-04T10:00:00,dev_4,37.02103461424175,5.453995631446959,10.792817004414136,1
2025-01-04T11:00:00,dev_4,37.929298112311805,6.232863743309009,10.61116038380496,0
2025-01-04T12:00:00,dev_4,37.48867888859378,4.778403830001897,11.787597491870914,0
2025-01-04T13:00:00,dev_4,37.59739909624541,5.995634806117833,11.504767465425356,0
2025-01-04T14:00:00,dev_4,37.579486722912435,4.309884458848054,12.281625578722762,0
2025-01-04T15:00:00,dev_4,37.52933788919073,3.5144608404777262,9.996163199981892,0
2025-01-04T16:00:00,dev_4,37.472176805188354,5.14116901883264,10.606933801633339,0
2025-01-04T17:00:00,dev_4,37.52572932019309,3.2435232792536857,11.023027403838382,0
2025-01-04T18:00:00,dev_4,37.94970869192494,4.760228987106408,10.283313394782052,0
2025-01-04T19:00:00,dev_4,38.63857681006231,6.286842262645503,9.205611380165852,0
2025-01-04T20:00:00,dev_4,38.637451687810234,3.090237094253719,9.33511493132046,0
2025-01-04T21:00:00,dev_4,39.04510972389605,3.720503204086102,8.364883203340069,0
2025-01-04T22:00:00,dev_4,38.69422625076266,3.9679677548384227,10.84323365981966,0
2025-01-04T23:00:00,dev_4,39.07720397712578,4.93668014028904,9.811969651829688,0
2025-01-05T00:00:00,dev_4,38.69620821521228,4.634283214353791,8.67365249872647,0
2025-01-05T01:00:00,dev_4,39.241538183256345,6.399136381696088,8.675510361350815,0
2025-01-05T02:00:00,dev_4,40.34685862195297,5.954348329091697,7.579202544434423,0
2025-01-05T03:00:00,dev_4,40.28581667796727,5.495272946068598,11.957682682474399,0
2025-01-05T04:00:00,dev_4,39.189544932563564,5.145630314343885,10.157235339063575,0
2025-01-05T05:00:00,dev_4,38.91550846594116,5.393229776984827,8.27439996085346,0
2025-01-05T06:00:00,dev_4,39.53144603308581,4.1380176446866255,11.617095499204037,0
2025-01-05T07:00:00,dev_4,39.80798442659843,5.857210353556612,8.879102380411254,0
2025-01-05T08:00:00,dev_4,39.932441225935946,3.8879557456407987,7.186998745975535,0
2025-01-05T09:00:00,dev_4,40.436775403913366,5.835376993902231,12.042444578438266,0
2025-01-05T10:00:00,dev_4,40.67900212353757,6.186142502118831,8.925806020867775,0
2025-01-05T11:00:00,dev_4,41.28786471726314,5.210864602088087,9.18220181958242,0
2025-01-05T12:00:00,dev_4,41.74757655558663,4.8237869410380245,10.082360040698354,0
2025-01-05T13:00:00,dev_4,42.508426781955116,5.400309908309673,12.285178445580229,0
2025-01-05T14:00:00,dev_4,42.687824823908244,2.138481629899327,10.040074581732624,1
2025-01-05T15:00:00,dev_4,43.14045452465522,5.302258218485461,7.601765747709539,0
2025-01-05T16:00:00,dev_4,42.98689098811233,4.886646002160193,11.08775400822436,0
2025-01-05T17:00:00,dev_4,42.686160582332825,4.949371886943009,9.030020551476552,0
2025-01-05T18:00:00,dev_4,43.53954440254231,5.7065325128978275,13.775847943058933,0
2025-01-05T19:00:00,dev_4,43.64764674070366,4.925231078435273,9.99776055600422,0
2025-01-05T20:00:00,dev_4,44.050087023634845,3.859793143348842,5.529929004202668,0
2025-01-05T21:00:00,dev_4,44.111957030840536,4.858597329174622,10.714729944311348,0
2025-01-05T22:00:00,dev_4,43.818699205380554,5.067555484080825,13.889195584520458,0
2025-01-05T23:00:00,dev_4,43.824190651671756,5.114933911581013,13.151840577090779,0
2025-01-06T00:00:00,dev_4,44.54218766055561,5.161919367285068,13.661908577513131,0
2025-01-06T01:00:00,dev_4,44.819807697695325,6.039369044918553,7.9604796292370725,0
2025-01-06T02:00:00,dev_4,43.964071117830095,3.9139654469658525,11.824304791953558,0
2025-01-06T03:00:00,dev_4,43.85644888954202,5.17570045616485,8.556010920526576,0
2025-01-06T04:00:00,dev_4,44.747595785894376,6.289929698618241,10.448578798833848,0
2025-01-06T05:00:00,dev_4,44.6406973549694,3.2653885030628045,7.454095142520535,0
2025-01-06T06:00:00,dev_4,43.740458009102305,5.179646680780054,8.711088470234568,0
2025-01-06T07:00:00,dev_4,44.68698245181358,4.414621498026957,8.647506605272769,0
2025-01-06T08:00:00,dev_4,45.02817870671998,4.629289615526895,11.797110560285233,0
2025-01-06T09:00:00,dev_4,44.993172277313576,4.095192496785578,11.601438243339311,0
2025-01-06T10:00:00,dev_4,44.80746340927254,4.830449284299556,10.553639458661642,0
2025-01-06T11:00:00,dev_4,45.34863937416841,6.841255614426904,7.2991571638892285,0
2025-01-06T12:00:00,dev_4,45.077647674055314,3.7355696388227866,9.37672113210056,0
2025-01-06T13:00:00,dev_4,45.65177588631331,3.8303899975211726,8.507767034114547,0
2025-01-06T14:00:00,dev_4,45.92287352917543,3.6980654298364954,11.739351513388982,0
2025-01-06T15:00:00,dev_4,46.04521449191911,6.727418286628101,12.35636970563437,0
2025-01-06T16:00:00,dev_4,46.11797189458691,4.537660294478713,12.112771172061766,0
2025-01-06T17:00:00,dev_4,46.03048787622982,4.974360939652326,8.489561161165959,0
2025-01-06T18:00:00,dev_4,46.55330793633445,4.597217058893761,4.520933755421042,1
2025-01-06T19:00:00,dev_4,46.12063652028353,4.055577121596908,6.466076203739892,0
2025-01-06T20:00:00,dev_4,45.30967395686843,4.764849353385564,12.843253956164418,0
2025-01-06T21:00:00,dev_4,45.61689401831467,7.45824360573656,9.197490121360353,0
2025-01-06T22:00:00,dev_4,45.93251318234824,6.392070920974255,8.498550763469774,0
2025-01-06T23:00:00,dev_4,46.17263375860412,4.147062182207728,13.285320586872468,0
2025-01-07T00:00:00,dev_4,46.37649794341314,5.647574103061686,12.530319890976653,0
2025-01-07T01:00:00,dev_4,46.21622775424437,4.168477227333623,10.048897443839573,0
2025-01-07T02:00:00,dev_4,46.609969106437134,3.223632361153779,9.413193817872052,0
2025-01-07T03:00:00,dev_4,46.58719004305986,6.019510917664629,9.73579757437375,0
2025-01-07T04:00:00,dev_4,46.343633262652276,6.1600928466435505,10.454325596774932,0
2025-01-07T05:00:00,dev_4,46.18768760652457,6.046052251047899,13.200094562639215,1
2025-01-07T06:00:00,dev_4,47.19800745591249,4.5301347507804275,10.844934848474454,0
2025-01-07T07:00:00,dev_4,46.33051941488977,4.833224265998013,11.452058066078283,0
2025-01-07T08:00:00,dev_4,46.58041346703767,5.749765553658123,12.338540218140343,0
2025-01-07T09:00:00,dev_4,45.74085825322582,5.391496037348107,7.660647997951163,0
2025-01-07T10:00:00,dev_4,45.68674158406433,4.606362528702956,11.509723784948086,0
2025-01-07T11:00:00,dev_4,45.469927841487234,3.3809281798818356,9.410862490676777,0
2025-01-07T12:00:00,dev_4,44.427413693147294,5.113875194142012,4.967809608454468,0
2025-01-07T13:00:00,dev_4,44.62193248836417,6.079009639236113,5.743660916028376,0
2025-01-07T14:00:00,dev_4,44.43191345726808,3.802411710965843,7.963764776962629,0
2025-01-07T15:00:00,dev_4,43.38231028598746,5.638759381675977,11.062446457185162,0
2025-01-07T16:00:00,dev_4,43.80209433137458,5.3315416951336925,10.227599130680593,0
2025-01-07T17:00:00,dev_4,44.51959742036905,5.750148263232334,10.368733414351327,0
2025-01-07T18:00:00,dev_4,45.264659591517336,5.8719754997190075,13.901886965373384,0
2025-01-07T19:00:00,dev_4,45.44413781184307,4.305534758074647,7.461820770280376,0
2025-01-07T20:00:00,dev_4,45.467166881131625,3.383040599835054,9.945133291632553,0
2025-01-07T21:00:00,dev_4,46.131245191579524,4.4664804743171205,10.60887104562763,0
2025-01-07T22:00:00,dev_4,46.972436984249576,5.889127317527008,8.52745376692333,0
2025-01-07T23:00:00,dev_4,47.53922133568739,4.457996096474029,10.056653490165882,0
2025-01-08T00:00:00,dev_4,47.06845253457249,4.305956676142358,6.800101331831311,0
2025-01-08T01:00:00,dev_4,47.169124961179946,3.1786496580753614,12.819812434550055,0
2025-01-08T02:00:00,dev_4,47.38888303332566,6.752647554550939,8.636770894939133,0
2025-01-08T03:00:00,dev_4,46.48407454886705,5.82571364142531,14.062800329557007,0
2025-01-08T04:00:00,dev_4,46.71875487867744,5.7698959812747646,9.93505135216509,0
2025-01-08T05:00:00,dev_4,47.85525079166713,5.967725386779474,12.056107130798367,0
2025-01-08T06:00:00,dev_4,48.17521887456753,5.576708361543401,9.893394262017692,0
2025-01-08T07:00:00,dev_4,48.91192541528841,4.755671144820471,9.93851233547894,0
2025-01-08T08:00:00,dev_4,49.00338278035276,4.836235895877798,8.831941333555985,0
2025-01-08T09:00:00,dev_4,48.96677361836085,4.572435635407875,10.238247858732555,0
2025-01-08T10:00:00,dev_4,49.15740931340133,7.6347407544150006,10.635997388828095,0
2025-01-08T11:00:00,dev_4,48.74949598940912,5.555912031299442,8.43148298216964,0
2025-01-08T12:00:00,dev_4,48.267608395791925,4.5361995586485655,9.749911168280232,0
2025-01-08T13:00:00,dev_4,48.900760674376606,5.465496774166279,8.779802267885772,0
2025-01-08T14:00:00,dev_4,49.586931845809865,3.9891310821436825,14.599328139229677,0
2025-01-08T15:00:00,dev_4,49.09137868801619,6.5045067185892265,9.820538460176763,0
2025-01-08T16:00:00,dev_4,49.57537809029312,4.33893090419286,13.09046430339312,0
2025-01-08T17:00:00,dev_4,49.53189810249011,5.501085432622466,9.608755338384624,0
2025-01-08T18:00:00,dev_4,49.70180238973533,6.065977629743134,10.518575283069817,0
2025-01-08T19:00:00,dev_4,49.93191170945286,5.384768544204992,7.3572718567094615,0
2025-01-08T20:00:00,dev_4,50.42908694351502,5.094469991819638,9.105854816264271,0
2025-01-08T21:00:00,dev_4,50.47044604444662,5.0108020848560155,10.421069341578493,0
2025-01-08T22:00:00,dev_4,51.175527042097585,4.943558903112893,13.172007661919734,0
2025-01-08T23:00:00,dev_4,51.33023346197754,4.423301511072498,10.443965555352543,0
2025-01-09T00:00:00,dev_4,51.64232559821231,4.550516570230296,12.767440722385999,0
2025-01-09T01:00:00,dev_4,51.225694302443685,6.479590373650935,11.28145822040584,0
2025-01-09T02:00:00,dev_4,52.305023807796104,4.891463367314843,13.254802678929371,0
2025-01-09T03:00:00,dev_4,52.53993626939859,4.214203730617227,9.881915565389889,0
2025-01-09T04:00:00,dev_4,52.89643498207114,4.4837024031384916,14.780445421303607,0
2025-01-09T05:00:00,dev_4,52.09234207646537,6.100370680697223,9.029207594171755,0
2025-01-09T06:00:00,dev_4,51.68099106492582,5.675606633164478,8.467076331604662,0
2025-01-09T07:00:00,dev_4,52.29993290888518,5.560329178232257,7.579894300621932,0
2025-01-01T00:00:00,dev_5,39.942098245014115,5.5837865452929485,9.24681055395303,0
2025-01-01T01:00:00,dev_5,40.47137465308502,5.601091837414294,14.985477733277037,0
2025-01-01T02:00:00,dev_5,39.82048478437827,4.096120710419125,9.14489103734096,0
2025-01-01T03:00:00,dev_5,39.717261905173,4.739771369436879,8.857728171280526,0
2025-01-01T04:00:00,dev_5,40.229640272048385,3.141757337887465,6.450113910842546,0
2025-01-01T05:00:00,dev_5,40.02050607686648,4.505660049817306,12.792183138489488,0
2025-01-01T06:00:00,dev_5,39.73367123143727,5.398981900702346,11.936491184742588,0
2025-01-01T07:00:00,dev_5,40.31541913859051,5.824937889614103,14.835611072232892,0
2025-01-01T08:00:00,dev_5,40.16231809910474,4.286952918308686,7.220953295563748,0
2025-01-01T09:00:00,dev_5,40.71456561170752,6.05185486052752,12.916341614958219,0
2025-01-01T10:00:00,dev_5,40.92904830727112,3.4843080784865283,10.140271036732255,0
2025-01-01T11:00:00,dev_5,40.7576259808162,3.7523722008562075,11.612200433600272,0
2025-01-01T12:00:00,dev_5,40.99747124611496,5.709661865637877,6.704445717791058,0
2025-01-01T13:00:00,dev_5,41.157696003037984,6.671121228563248,12.936163645330595,0
2025-01-01T14:00:00,dev_5,41.66813741353922,5.493431988183695,11.57303350266366,0
2025-01-01T15:00:00,dev_5,41.39396464460671,4.959657613465987,9.922179930427564,0
2025-01-01T16:00:00,dev_5,41.414567677997525,2.8048162534777914,11.290225375322242,0
2025-01-01T17:00:00,dev_5,41.383809838195205,2.9775529439565207,8.469009397915501,0
2025-01-01T18:00:00,dev_5,41.735883909015094,5.129409536895869,8.841119828836602,0
2025-01-01T19:00:00,dev_5,41.223294311793005,4.641937330428825,9.073110772749207,0
2025-01-01T20:00:00,dev_5,41.731782835911936,3.894164817847882,6.294544276619444,0
2025-01-01T21:00:00,dev_5,41.96494722199714,5.065532580830051,11.723516988406734,0
2025-01-01T22:00:00,dev_5,41.30648468518067,5.11513136750781,12.383187228365133,0
2025-01-01T23:00:00,dev_5,41.91061609792092,5.944415868540273,8.597311700472316,0
2025-01-02T00:00:00,dev_5,43.02766263831979,5.136602283012701,10.696406031889637,0
2025-01-02T01:00:00,dev_5,43.52857962309449,6.228394368334385,9.468919050741528,0
2025-01-02T02:00:00,dev_5,44.24207200670772,5.007994029548813,10.65654792416206,0
2025-01-02T03:00:00,dev_5,44.28475769750902,4.884665005192664,8.744845517577941,0
2025-01-02T04:00:00,dev_5,43.45400523763976,6.064312186247182,8.233149687824728,0
2025-01-02T05:00:00,dev_5,42.531945012056,4.021559119958566,12.104149772047485,0
2025-01-02T06:00:00,dev_5,42.65948603398988,7.814447453266162,9.872258829751015,0
2025-01-02T07:00:00,dev_5,42.36349663012489,5.375257478166736,14.04421790170695,0
2025-01-02T08:00:00,dev_5,41.90620849096121,5.380829252837673,10.09261992958828,0
2025-01-02T09:00:00,dev_5,41.87483514897688,5.525095973972597,8.147843919299016,0
2025-01-02T10:00:00,dev_5,42.182627792907525,6.877136475331643,12.453881752871878,0
2025-01-02T11:00:00,dev_5,41.456249019526446,5.792507411672607,11.26160032829204,0
2025-01-02T12:00:00,dev_5,41.23181020938625,3.3949440209960766,11.453745727392848,0
2025-01-02T13:00:00,dev_5,41.98674555094641,6.4034703847675045,12.381201357735836,0
2025-01-02T14:00:00,dev_5,41.449101360835726,4.659103420554983,8.694407412308411,0
2025-01-02T15:00:00,dev_5,41.8839819544182,5.107155072839324,9.745493382029425,0
2025-01-02T16:00:00,dev_5,41.64161657364371,3.7207460278247337,9.657100337024414,0
2025-01-02T17:00:00,dev_5,41.91451345356868,5.526202018123896,7.418506926168764,0
2025-01-02T18:00:00,dev_5,42.46317720717012,4.348625709932448,9.472819699683512,0
2025-01-02T19:00:00,dev_5,42.833818090662625,5.100169637993473,12.672758915753649,0
2025-01-02T20:00:00,dev_5,43.28839789176956,4.715900994639217,10.474676207587693,0
2025-01-02T21:00:00,dev_5,42.71260112506559,6.925012801735852,7.3078773443100244,0
2025-01-02T22:00:00,dev_5,43.26943097843624,6.982260300145589,6.88832117667013,0
2025-01-02T23:00:00,dev_5,42.84308442111883,5.046513170214741,13.329552117496544,0
2025-01-03T00:00:00,dev_5,42.972855303904595,5.063977711368855,9.81936197948974,0
2025-01-03T01:00:00,dev_5,43.10197839740321,4.626557033650485,8.705179588596765,0
2025-01-03T02:00:00,dev_5,43.344539676838004,6.106006291502786,9.452016470205994,0
2025-01-03T03:00:00,dev_5,43.513018014868095,4.671080129666623,7.045384491365336,0
2025-01-03T04:00:00,dev_5,43.091113025605736,4.578662725354301,12.84619029902324,0
2025-01-03T05:00:00,dev_5,42.416179319457875,5.978592863664964,9.213894124827942,0
2025-01-03T06:00:00,dev_5,42.85235365943876,4.461700904683351,12.734803055476844,0
2025-01-03T07:00:00,dev_5,42.94527094819822,4.962244965551469,10.10330342889463,0
2025-01-03T08:00:00,dev_5,43.51995936867713,3.418689218489007,12.85906394913688,0
2025-01-03T09:00:00,dev_5,43.49759290158319,5.704190345123167,10.513388998086171,0
2025-01-03T10:00:00,dev_5,42.795010721244715,6.940866939181869,11.706465325738153,0
2025-01-03T11:00:00,dev_5,43.27807556174677,5.7212253727997915,11.438186092176673,0
2025-01-03T12:00:00,dev_5,43.09289025691621,6.461799167547305,11.246582132503942,0
2025-01-03T13:00:00,dev_5,43.26389198562672,4.153897863822669,10.695868954365421,0
2025-01-03T14:00:00,dev_5,42.94016227138696,5.2363242820282005,9.53429856776883,0
2025-01-03T15:00:00,dev_5,43.762313126503805,4.05684007563061,13.830869383145721,0
2025-01-03T16:00:00,dev_5,43.32403071441221,4.7722344544186575,8.186126029808198,0
2025-01-03T17:00:00,dev_5,43.155315837359126,5.772211477352505,10.00861528468632,0
2025-01-03T18:00:00,dev_5,43.20904018870778,5.101820613103299,10.029771750415192,0
2025-01-03T19:00:00,dev_5,42.6629490251643,3.5873589773987784,10.804881506687043,0
2025-01-03T20:00:00,dev_5,42.8282087894581,3.6849708944622463,9.141054708210998,0
2025-01-03T21:00:00,dev_5,43.63416402819185,3.6188360685092262,10.629492611179176,0
2025-01-03T22:00:00,dev_5,43.38893294784499,5.49145258993959,9.662314829594068,0
2025-01-03T23:00:00,dev_5,43.58650435736085,7.063894535656669,6.836094965124202,0
2025-01-04T00:00:00,dev_5,42.211786664341574,6.362458244000213,10.019104572513694,0
2025-01-04T01:00:00,dev_5,42.19232206409915,3.1040148008539354,7.798869333939697,0
2025-01-04T02:00:00,dev_5,42.03580092113605,6.421075938069784,6.531228475102198,0
2025-01-04T03:00:00,dev_5,41.62655211993086,5.936400417014648,10.27374664137877,0
2025-01-04T04:00:00,dev_5,42.167277354745124,3.4547000544712425,10.975766684039133,0
2025-01-04T05:00:00,dev_5,42.00415551393321,4.696798383289503,11.053396084209153,0
2025-01-04T06:00:00,dev_5,41.915416770386415,6.09552241149581,11.134341414039389,0
2025-01-04T07:00:00,dev_5,41.72682033299188,5.550433510934785,6.1348219581187795,0
2025-01-04T08:00:00,dev_5,40.768412397109344,3.6909049476120144,7.277966144185061,0
2025-01-04T09:00:00,dev_5,40.202419177070865,5.610742155796194,13.947042873627343,0
2025-01-04T10:00:00,dev_5,40.68296592013097,2.8624994039194123,7.905582479845927,0
2025-01-04T11:00:00,dev_5,39.627990596690985,4.777177824242789,11.221682062273379,0
2025-01-04T12:00:00,dev_5,39.24483292188313,6.1379567694000485,8.626124756668307,0
2025-01-04T13:00:00,dev_5,39.04497289373825,5.01839421557132,10.15934547853513,0
2025-01-04T14:00:00,dev_5,39.91678382738403,4.501062450038054,8.733491595452811,0
2025-01-04T15:00:00,dev_5,40.30108571013222,5.8893462537723495,11.12308230923929,0
2025-01-04T16:00:00,dev_5,40.02250044660567,5.974751815086582,10.273548234633399,0
2025-01-04T17:00:00,dev_5,40.674757295163445,6.31003969286695,9.103420452711532,0
2025-01-04T18:00:00,dev_5,40.30449938491288,5.874342428446387,7.899655760638579,0
2025-01-04T19:00:00,dev_5,40.80904928677989,6.0813747939371465,10.535548394985023,0
2025-01-04T20:00:00,dev_5,40.129610663818376,5.7329085574375345,7.57456240191482,0
2025-01-04T21:00:00,dev_5,40.66623957971296,5.265528649116472,10.854962084241677,0
2025-01-04T22:00:00,dev_5,40.463172756977464,5.089508999763814,15.252969818073801,0
2025-01-04T23:00:00,dev_5,39.94892063650683,4.762740280902598,12.700340102524024,0
2025-01-05T00:00:00,dev_5,39.84034882996867,3.7876317069402745,11.436695773788326,0
2025-01-05T01:00:00,dev_5,39.97902091982878,4.0446884911801915,9.828785404517705,0
2025-01-05T02:00:00,dev_5,39.731646704565925,4.717985518064791,6.122494745992949,0
2025-01-05T03:00:00,dev_5,40.00862345756359,5.24145215960243,7.3554272081996315,0
2025-01-05T04:00:00,dev_5,39.71712651573155,6.440812598004263,12.565585712205428,0
2025-01-05T05:00:00,dev_5,40.02731271269723,4.958202772124488,8.42048783975044,0
2025-01-05T06:00:00,dev_5,40.24842374371553,6.003476290877664,8.601495803671906,0
2025-01-05T07:00:00,dev_5,40.21796221636156,6.0793156564321205,9.668699048631957,0
2025-01-05T08:00:00,dev_5,39.99727106017859,4.768553202311209,7.875907482306891,0
2025-01-05T09:00:00,dev_5,40.07304145806122,5.5946902113701835,7.5464625308967275,0
2025-01-05T10:00:00,dev_5,40.34816832957807,4.756471958275139,9.899051854437156,0
2025-01-05T11:00:00,dev_5,41.37906790594388,6.322135894078476,8.216941090655927,0
2025-01-05T12:00:00,dev_5,41.848778116842965,5.635843338265932,8.51796284044221,0
2025-01-05T13:00:00,dev_5,42.336773091750885,3.8095162453116447,8.437617947705988,0
2025-01-05T14:00:00,dev_5,43.88102918918103,5.1615246521538465,11.044720427668937,0
2025-01-05T15:00:00,dev_5,44.13900842756495,6.64811216182388,9.535748619009285,0
2025-01-05T16:00:00,dev_5,44.381330183220804,4.818768965453299,9.642856064212292,1
2025-01-05T17:00:00,dev_5,44.73333772038163,5.447715030095068,11.193891794617766,0
2025-01-05T18:00:00,dev_5,44.228854731587504,5.545878837739146,9.71592078353412,0
2025-01-05T19:00:00,dev_5,44.006903913378125,3.9633771008353995,9.443492463085654,0
2025-01-05T20:00:00,dev_5,43.753819280031955,5.510707949213514,10.940900711140342,0
2025-01-05T21:00:00,dev_5,44.07762626864174,3.606164847965374,11.336395687115262,0
2025-01-05T22:00:00,dev_5,43.99053898753114,4.374375893598604,9.705853000982792,0
2025-01-05T23:00:00,dev_5,44.05965070026829,6.075722967494192,10.161215551241042,0
2025-01-06T00:00:00,dev_5,44.603378010342524,5.356756290308358,8.436419540533343,0
2025-01-06T01:00:00,dev_5,45.03495337969459,4.695522192253473,8.27863391367095,0
2025-01-06T02:00:00,dev_5,44.95409287817397,5.446461021245187,11.538295003933616,0
2025-01-06T03:00:00,dev_5,44.61909532973486,4.939907752244869,10.889884125089244,0
2025-01-06T04:00:00,dev_5,45.18673269556145,5.012578502351833,10.910596876833152,0
2025-01-06T05:00:00,dev_5,45.57367828601639,5.656818526720137,10.561708697451044,0
2025-01-06T06:00:00,dev_5,44.77054987686869,4.2726322593408685,10.092406551629907,0
2025-01-06T07:00:00,dev_5,44.613972907414556,5.040336405554691,11.39282378164554,0
2025-01-06T08:00:00,dev_5,44.696730638422935,4.687731805393347,11.870217522045568,0
2025-01-06T09:00:00,dev_5,45.08614549698345,3.4143966253997444,11.822456010381295,0
2025-01-06T10:00:00,dev_5,45.54119624445334,4.0795442437507,9.798444168108027,0
2025-01-06T11:00:00,dev_5,45.68314924504107,6.568206447063832,12.773985459817677,0
2025-01-06T12:00:00,dev_5,45.9757730107205,5.3847233145852345,10.456921363464643,0
2025-01-06T13:00:00,dev_5,46.00784141190958,3.676411698598611,11.264752385131597,0
2025-01-06T14:00:00,dev_5,45.6709155678193,3.459645624151589,10.564175781669759,0
2025-01-06T15:00:00,dev_5,45.540283372298674,4.887836099889416,10.494013414968348,0
2025-01-06T16:00:00,dev_5,45.54977896561873,6.561186533176482,8.52849601949936,0
2025-01-06T17:00:00,dev_5,45.53243934060943,4.813241865195647,11.402701676689652,0
2025-01-06T18:00:00,dev_5,44.58965288838769,6.306999553404016,15.690588789815278,0
2025-01-06T19:00:00,dev_5,44.39091122092298,5.351930770818657,9.250409850419834,0
2025-01-06T20:00:00,dev_5,44.419014047467556,5.471250457845894,10.141989430849897,0
2025-01-06T21:00:00,dev_5,44.2783290515147,3.6642794906954306,9.107589471305475,0
2025-01-06T22:00:00,dev_5,44.15491715375891,5.937522921749758,9.02396019687613,0
2025-01-06T23:00:00,dev_5,44.398912839161206,4.6650679627263925,13.088898956237346,0
2025-01-07T00:00:00,dev_5,43.85943424563689,5.863092453610908,8.654057964545071,0
2025-01-07T01:00:00,dev_5,43.04541313866128,4.1858300180138865,9.051839053267278,0
2025-01-07T02:00:00,dev_5,42.87132824324294,5.177049347509913,6.825014352537398,0
2025-01-07T03:00:00,dev_5,43.25338544599384,5.352002953937632,8.484776550915505,0
2025-01-07T04:00:00,dev_5,44.09716196573716,4.845966683424133,6.583200214093305,0
2025-01-07T05:00:00,dev_5,44.48822608528453,5.4045451930861566,11.263609398423858,0
2025-01-07T06:00:00,dev_5,43.75409420535011,4.733602924807491,15.599394443674619,0
2025-01-07T07:00:00,dev_5,43.63791058566172,4.350940246958721,9.266642412698955,0
2025-01-07T08:00:00,dev_5,43.766227776202484,6.605483382793965,6.666484134019525,0
2025-01-07T09:00:00,dev_5,43.85502333466428,6.048952866361442,11.799999328859467,0
2025-01-07T10:00:00,dev_5,44.124675611135714,4.239135254951823,8.546150082139686,0
2025-01-07T11:00:00,dev_5,43.66615113790534,5.568444305594613,12.59869386110708,0
2025-01-07T12:00:00,dev_5,43.69862268168071,4.257321145298847,9.43594190442011,0
2025-01-07T13:00:00,dev_5,43.90878409656877,3.815315356337676,8.736368621834439,0
2025-01-07T14:00:00,dev_5,44.3216195732206,6.033809441398976,9.644084888508628,0
2025-01-07T15:00:00,dev_5,43.918760489914206,3.2959003743525943,11.515553521872373,0
2025-01-07T16:00:00,dev_5,43.74618205629276,5.926855913576541,9.545158738488688,0
2025-01-07T17:00:00,dev_5,42.39427321625609,4.747277687426942,9.00655059441259,0
2025-01-07T18:00:00,dev_5,42.0835422324672,4.788453396919471,9.602336794042257,0
2025-01-07T19:00:00,dev_5,41.821334785981676,5.409751219623289,7.45628963099823,0
2025-01-07T20:00:00,dev_5,41.311542531897956,5.581198811994252,10.79406320458796,0
2025-01-07T21:00:00,dev_5,41.39434860701429,4.1736568231710915,6.42654681231018,0
2025-01-07T22:00:00,dev_5,41.36637589099165,5.717725608750063,9.11175709126897,0
2025-01-07T23:00:00,dev_5,40.236768952202844,5.113370538025223,11.518770417661486,0
2025-01-08T00:00:00,dev_5,40.34452293685372,3.743945207131962,10.606096565865434,0
2025-01-08T01:00:00,dev_5,39.88036087145921,4.830125516420261,11.18064114597278,0
2025-01-08T02:00:00,dev_5,40.123205351054466,6.381279015558926,9.869908654562382,0
2025-01-08T03:00:00,dev_5,39.48227972719013,6.676594798245697,12.339492361971033,0
2025-01-08T04:00:00,dev_5,39.4972829964556,5.7173484576086775,11.849398393539584,0
2025-01-08T05:00:00,dev_5,39.35570133201235,3.80965651183163,10.89228200849535,0
2025-01-08T06:00:00,dev_5,39.50725227448751,5.490606902455888,11.855091554627085,0
2025-01-08T07:00:00,dev_5,39.56960091331319,5.850860903859193,11.500847108807154,0
2025-01-08T08:00:00,dev_5,39.442018825802464,5.725707983318722,9.12107297330622,0
2025-01-08T09:00:00,dev_5,38.67388266878034,5.784954288687918,7.312202176617333,0
2025-01-08T10:00:00,dev_5,37.93527868704982,5.363263079247531,10.840724251685248,0
2025-01-08T11:00:00,dev_5,37.64333521750371,4.927587661169456,11.092178461662858,0
2025-01-08T12:00:00,dev_5,37.639195275538924,4.391632504095981,12.180943982277132,0
2025-01-08T13:00:00,dev_5,37.335071301939365,3.1020644814985037,8.127357449909413,0
2025-01-08T14:00:00,dev_5,37.64767726722909,5.339641766713351,8.187137881445674,0
2025-01-08T15:00:00,dev_5,37.50806680762325,5.186052843652188,10.919800532615541,0
2025-01-08T16:00:00,dev_5,37.025560445233495,5.557575842824816,9.857666022293827,0
2025-01-08T17:00:00,dev_5,36.88651229873955,3.6624563067071056,6.228476778857743,0
2025-01-08T18:00:00,dev_5,36.99944221689782,5.64501668931506,10.750216327508381,0
2025-01-08T19:00:00,dev_5,37.161884576310115,7.054545094620777,6.295154170022091,0
2025-01-08T20:00:00,dev_5,38.10107414230668,5.078450130777911,8.109486896253248,0
2025-01-08T21:00:00,dev_5,37.76661947230497,4.938334680793459,12.703362745720215,0
2025-01-08T22:00:00,dev_5,37.72988014150977,5.309002356085701,13.64975803561423,0
2025-01-08T23:00:00,dev_5,37.94294211491948,7.032337024710338,7.568687263056077,0
2025-01-09T00:00:00,dev_5,37.93123063531907,3.976352238300109,9.341216925174612,0
2025-01-09T01:00:00,dev_5,37.68092156232474,5.203206933393905,10.085245046157413,0
2025-01-09T02:00:00,dev_5,36.90629297415262,4.200342577702356,13.562453855163136,0
2025-01-09T03:00:00,dev_5,36.650875694626116,4.452995279155005,9.014262104351197,0
2025-01-09T04:00:00,dev_5,36.11402448826721,4.95040969211806,9.046231953933443,0
2025-01-09T05:00:00,dev_5,35.25072114770533,6.347323241613559,13.097451116925724,0
2025-01-09T06:00:00,dev_5,34.85288172687003,6.800990600688737,9.250421694563483,0
2025-01-09T07:00:00,dev_5,34.32933586648681,5.448142144626706,11.444403417932914,0
